imagem,id,xc,yc,w,h,voto,modelos,decisao,comentario
carta_001_verso_png.rf.BB3P1xNOME3ZlggePjBa,1,0.969103,0.734598,0.013478,0.0101,0.179,1/1,s,REVISAR DE NOVO: coordenadas restauradas apos teste do app em 16/09
carta_001_verso_png.rf.BB3P1xNOME3ZlggePjBa,2,0.968752,0.59739,0.013194,0.00963,0.155,1/1,s,
carta_001_verso_png.rf.BB3P1xNOME3ZlggePjBa,3,0.054277,0.133276,0.016728,0.011086,0.153,1/1,s,
carta_001_verso_png.rf.BB3P1xNOME3ZlggePjBa,4,0.689062,0.023643,0.014309,0.008206,0.149,1/1,n,motivo:sujeira
carta_001_verso_png.rf.BB3P1xNOME3ZlggePjBa,5,0.060952,0.297935,0.012959,0.008984,0.104,1/1,s,
carta_001_verso_png.rf.BB3P1xNOME3ZlggePjBa,6,0.513285,0.022393,0.014582,0.009116,0.101,1/1,n,motivo:nada
carta_002_verso_png.rf.jujaLLlTUZ01Uch1rq2d,1,0.940882,0.252614,0.018455,0.013047,0.201,1/1,s,
carta_002_verso_png.rf.jujaLLlTUZ01Uch1rq2d,2,0.060935,0.077131,0.011115,0.009524,0.122,1/1,s,
carta_003_frente_png.rf.Cb1ul4lUft1DUulsoHs2,1,0.968335,0.441489,0.013677,0.008935,0.185,1/1,n,
carta_003_verso_png.rf.UGIc6J0jA0mbyyzzT0Cc,1,0.735663,0.59312,0.018174,0.013227,0.826,2/1,s,
carta_003_verso_png.rf.UGIc6J0jA0mbyyzzT0Cc,2,0.593211,0.972489,0.016318,0.010504,0.625,2/1,s,
carta_003_verso_png.rf.UGIc6J0jA0mbyyzzT0Cc,3,0.584452,0.146653,0.013077,0.010151,0.554,2/1,s,
carta_003_verso_png.rf.UGIc6J0jA0mbyyzzT0Cc,4,0.42251,0.968596,0.01733,0.011738,0.425,1/1,s,
carta_003_verso_png.rf.UGIc6J0jA0mbyyzzT0Cc,5,0.115781,0.964452,0.020543,0.014099,0.319,1/1,s,
carta_003_verso_png.rf.UGIc6J0jA0mbyyzzT0Cc,6,0.939174,0.252407,0.014234,0.010737,0.292,1/1,s,
carta_003_verso_png.rf.UGIc6J0jA0mbyyzzT0Cc,7,0.061992,0.075739,0.013479,0.013029,0.186,1/1,s,
carta_003_verso_png.rf.UGIc6J0jA0mbyyzzT0Cc,8,0.100128,0.519538,0.018475,0.013116,0.151,1/1,s,
carta_003_verso_png.rf.UGIc6J0jA0mbyyzzT0Cc,9,0.944665,0.253638,0.030504,0.018262,0.118,1/1,s,
carta_003_verso_png.rf.UGIc6J0jA0mbyyzzT0Cc,10,0.029255,0.071977,0.014593,0.009744,0.106,1/1,n,
carta_004_frente_png.rf.14WzdTwlHffACGzDRkXR,1,0.97282,0.952204,0.011154,0.008533,0.249,1/1,n,
carta_004_verso_png.rf.brGOzFNJDA0vSL0qinHC,1,0.639411,0.394392,0.012081,0.007981,0.426,1/1,s,
carta_004_verso_png.rf.brGOzFNJDA0vSL0qinHC,2,0.026325,0.955233,0.011657,0.010579,0.307,2/1,s,
carta_004_verso_png.rf.brGOzFNJDA0vSL0qinHC,3,0.204211,0.226273,0.011548,0.008964,0.186,1/1,s,
carta_005_frente_png.rf.jcRReDzWHZV1TEdgA1I4,1,0.265643,0.213404,0.013958,0.010663,0.2,1/1,n,
carta_005_frente_png.rf.jcRReDzWHZV1TEdgA1I4,2,0.917267,0.732344,0.018794,0.014474,0.162,1/1,n,
carta_005_verso_png.rf.gC0vpR4MhHEyG9tHH71F,1,0.94347,0.938215,0.019587,0.018616,0.838,2/1,s,
carta_005_verso_png.rf.gC0vpR4MhHEyG9tHH71F,2,0.974355,0.442746,0.011065,0.010941,0.566,2/1,s,
carta_005_verso_png.rf.gC0vpR4MhHEyG9tHH71F,3,0.04705,0.430082,0.020585,0.015637,0.295,1/1,s,
carta_005_verso_png.rf.gC0vpR4MhHEyG9tHH71F,4,0.02939,0.120944,0.010607,0.009695,0.28,2/1,s,
carta_005_verso_png.rf.gC0vpR4MhHEyG9tHH71F,5,0.972365,0.733774,0.010375,0.010525,0.186,1/1,s,
carta_006_verso_png.rf.P6AsNPFgHr1GX3v3kbCj,1,0.10882,0.122197,0.015654,0.010175,0.235,1/1,n,
carta_006_verso_png.rf.P6AsNPFgHr1GX3v3kbCj,2,0.950187,0.549012,0.020178,0.012067,0.227,2/1,n,
carta_006_verso_png.rf.P6AsNPFgHr1GX3v3kbCj,3,0.033821,0.097618,0.012649,0.008916,0.174,1/1,s,
carta_006_verso_png.rf.P6AsNPFgHr1GX3v3kbCj,4,0.340612,0.820365,0.012354,0.008068,0.106,1/1,s,
carta_007_frente_png.rf.BTdu41SYBiAc1mengQ99,1,0.126808,0.388467,0.014662,0.010616,0.747,2/1,n,motivo: parte da arte do olho
carta_007_frente_png.rf.BTdu41SYBiAc1mengQ99,2,0.804445,0.352903,0.013153,0.009658,0.624,1/1,s,
carta_007_frente_png.rf.BTdu41SYBiAc1mengQ99,3,0.614704,0.40325,0.012647,0.009343,0.618,1/1,n,
carta_007_frente_png.rf.BTdu41SYBiAc1mengQ99,4,0.839605,0.412703,0.013857,0.010392,0.141,1/1,n,
carta_007_frente_png.rf.BTdu41SYBiAc1mengQ99,5,0.976462,0.882241,0.009942,0.007852,0.123,1/1,s,
carta_007_verso_png.rf.ZfW6fIy4DZJe3C3BBW9K,1,0.058658,0.507036,0.010589,0.008117,0.329,1/1,s,
carta_007_verso_png.rf.ZfW6fIy4DZJe3C3BBW9K,2,0.96962,0.046599,0.01084,0.008506,0.121,1/1,s,
carta_008_verso_png.rf.bGWKX2HB9IPajNduUNna,1,0.043378,0.655235,0.016181,0.013025,0.875,2/1,s,
carta_008_verso_png.rf.bGWKX2HB9IPajNduUNna,2,0.943842,0.786858,0.013605,0.00998,0.438,1/1,s,
carta_008_verso_png.rf.bGWKX2HB9IPajNduUNna,3,0.9586,0.95441,0.015256,0.01058,0.264,1/1,s,
carta_008_verso_png.rf.bGWKX2HB9IPajNduUNna,4,0.908301,0.633709,0.015352,0.011369,0.171,1/1,n,
carta_008_verso_png.rf.bGWKX2HB9IPajNduUNna,5,0.963316,0.403401,0.018272,0.013995,0.157,1/1,n,nao da pra ver nada diferente
carta_008_verso_png.rf.bGWKX2HB9IPajNduUNna,6,0.040312,0.369719,0.017474,0.011804,0.11,1/1,s,
carta_008_verso_png.rf.bGWKX2HB9IPajNduUNna,7,0.944178,0.787204,0.022294,0.01621,0.102,1/1,n,
carta_009_frente_png.rf.QTWfZIry8Z3Zus2pOL1T,1,0.604464,0.499580,0.030934,0.018446,0.249,1/1,n,motivo:arte
carta_009_frente_png.rf.QTWfZIry8Z3Zus2pOL1T,2,0.974251,0.840291,0.014529,0.01201,0.163,1/1,s,
carta_009_frente_png.rf.QTWfZIry8Z3Zus2pOL1T,3,0.200953,0.975486,0.014476,0.010003,0.128,1/1,s,
carta_010_frente_png.rf.2la1Nn392toqWFsJWIHs,1,0.773097,0.149552,0.016551,0.011769,0.662,1/1,s,
carta_010_frente_png.rf.2la1Nn392toqWFsJWIHs,2,0.813485,0.531298,0.016959,0.011241,0.372,2/1,s,
carta_010_frente_png.rf.2la1Nn392toqWFsJWIHs,3,0.644294,0.451034,0.014918,0.010479,0.327,1/1,n,motivo:arte
carta_010_frente_png.rf.2la1Nn392toqWFsJWIHs,4,0.127465,0.39729,0.010533,0.007765,0.311,1/1,s,
carta_010_frente_png.rf.2la1Nn392toqWFsJWIHs,5,0.951638,0.025784,0.033182,0.011477,0.247,1/1,n,motivo:nada
carta_010_frente_png.rf.2la1Nn392toqWFsJWIHs,6,0.06198,0.208112,0.012113,0.00966,0.219,1/1,n,motivo:arte
carta_010_frente_png.rf.2la1Nn392toqWFsJWIHs,7,0.963936,0.931209,0.027608,0.019789,0.109,1/1,n,motivo:arte
carta_010_frente_png.rf.2la1Nn392toqWFsJWIHs,8,0.363021,0.259206,0.010252,0.007975,0.101,1/1,n,motivo:arte
carta_010_verso_png.rf.Y8ZVuEXzSSBY7ZDLvzT8,1,0.039444,0.516868,0.016444,0.010521,0.302,1/1,s,
carta_010_verso_png.rf.Y8ZVuEXzSSBY7ZDLvzT8,2,0.619635,0.979296,0.015698,0.009439,0.293,1/1,s,
carta_010_verso_png.rf.Y8ZVuEXzSSBY7ZDLvzT8,3,0.052029,0.676583,0.014714,0.012245,0.246,1/1,s,
carta_010_verso_png.rf.Y8ZVuEXzSSBY7ZDLvzT8,4,0.067621,0.024213,0.016778,0.009631,0.223,1/1,s,
carta_010_verso_png.rf.Y8ZVuEXzSSBY7ZDLvzT8,5,0.361895,0.023854,0.017753,0.010438,0.222,1/1,s,
carta_010_verso_png.rf.Y8ZVuEXzSSBY7ZDLvzT8,6,0.965838,0.958202,0.016739,0.01332,0.173,1/1,n,motivo:nada
carta_010_verso_png.rf.Y8ZVuEXzSSBY7ZDLvzT8,7,0.405667,0.054797,0.01745,0.010666,0.107,1/1,n,motivo:nada
carta_011_frente_png.rf.jtY7p0DEqjBJtQcFMjnQ,1,0.623139,0.96894,0.017568,0.01174,0.299,1/1,s,
carta_011_frente_png.rf.jtY7p0DEqjBJtQcFMjnQ,2,0.891041,0.535574,0.011314,0.007527,0.212,1/1,s,
carta_011_frente_png.rf.jtY7p0DEqjBJtQcFMjnQ,3,0.966344,0.660031,0.013919,0.009524,0.142,1/1,s,
carta_011_frente_png.rf.jtY7p0DEqjBJtQcFMjnQ,4,0.311815,0.431513,0.016933,0.012669,0.136,1/1,s,
carta_011_frente_png.rf.jtY7p0DEqjBJtQcFMjnQ,5,0.951851,0.820123,0.015947,0.010492,0.122,1/1,n,motivo:arte
carta_011_frente_png.rf.jtY7p0DEqjBJtQcFMjnQ,6,0.575606,0.201492,0.013225,0.009532,0.104,1/1,s,
carta_011_verso_png.rf.PNT08yvNAwXCMy8G6GLL,1,0.040911,0.597274,0.015326,0.010904,0.437,2/1,s,
carta_011_verso_png.rf.PNT08yvNAwXCMy8G6GLL,2,0.072994,0.571042,0.014968,0.011788,0.383,2/1,s,
carta_011_verso_png.rf.PNT08yvNAwXCMy8G6GLL,3,0.961392,0.565616,0.025119,0.018358,0.349,1/1,s,
carta_011_verso_png.rf.PNT08yvNAwXCMy8G6GLL,4,0.036231,0.520924,0.014666,0.010604,0.147,1/1,s,
carta_011_verso_png.rf.PNT08yvNAwXCMy8G6GLL,5,0.044926,0.157299,0.016115,0.011921,0.116,1/1,s,
carta_011_verso_png.rf.PNT08yvNAwXCMy8G6GLL,6,0.949802,0.073435,0.014029,0.011041,0.115,1/1,s,
carta_012_frente_png.rf.Lpw1C43kbo1DLpwEMRiK,1,0.952441,0.034988,0.033239,0.013255,0.374,1/1,n,motivo:nada
carta_012_frente_png.rf.Lpw1C43kbo1DLpwEMRiK,2,0.206205,0.972256,0.012368,0.008914,0.233,1/1,s,
carta_012_frente_png.rf.Lpw1C43kbo1DLpwEMRiK,3,0.032681,0.141897,0.011214,0.007511,0.128,1/1,n,motivo:nada
carta_012_verso_png.rf.vRVFBuZpC8tgIbDucF4o,1,0.4883,0.965604,0.015513,0.010069,0.179,1/1,s,
carta_012_verso_png.rf.vRVFBuZpC8tgIbDucF4o,2,0.206163,0.039433,0.021148,0.014636,0.137,1/1,s,
carta_012_verso_png.rf.vRVFBuZpC8tgIbDucF4o,3,0.419479,0.969357,0.016928,0.011596,0.131,1/1,s,
carta_013_frente_png.rf.UaEcwQiG6qDacKa2jRlY,1,0.870266,0.846915,0.015472,0.010405,0.316,1/1,s,
carta_013_verso_png.rf.wOXkpMQVtt4jBqcT0RLQ,1,0.374831,0.960261,0.016731,0.011139,0.273,2/1,s,
carta_013_verso_png.rf.wOXkpMQVtt4jBqcT0RLQ,2,0.936185,0.705273,0.015275,0.010458,0.163,1/1,s,
carta_013_verso_png.rf.wOXkpMQVtt4jBqcT0RLQ,3,0.057107,0.554667,0.013997,0.008943,0.133,1/1,s,
carta_014_frente_png.rf.V5DpFJwyqkHOc26vOzVp,1,0.902192,0.907166,0.01323,0.008009,0.22,1/1,n,motivo:arte
carta_014_frente_png.rf.V5DpFJwyqkHOc26vOzVp,2,0.962882,0.083417,0.014641,0.01089,0.21,1/1,s,motivo:arte
carta_014_frente_png.rf.V5DpFJwyqkHOc26vOzVp,3,0.260232,0.280527,0.011657,0.00868,0.173,1/1,n,motivo:arte
carta_014_frente_png.rf.V5DpFJwyqkHOc26vOzVp,4,0.174461,0.324322,0.014174,0.014496,0.143,1/1,n,motivo:arte
carta_014_frente_png.rf.V5DpFJwyqkHOc26vOzVp,5,0.913357,0.130083,0.012711,0.008662,0.108,1/1,n,motivo:arte
carta_014_frente_png.rf.V5DpFJwyqkHOc26vOzVp,6,0.127798,0.517007,0.011909,0.008174,0.102,1/1,n,motivo:arte
carta_014_verso_png.rf.Fhe1i0izmKyRtb2cVLYl,1,0.693969,0.721079,0.020426,0.012794,0.299,1/1,s,
carta_014_verso_png.rf.Fhe1i0izmKyRtb2cVLYl,2,0.659538,0.004993,0.016248,0.00935,0.193,1/1,n,
carta_014_verso_png.rf.Fhe1i0izmKyRtb2cVLYl,3,0.055582,0.274255,0.012322,0.009338,0.17,1/1,s,
carta_014_verso_png.rf.Fhe1i0izmKyRtb2cVLYl,4,0.629765,0.054045,0.016184,0.010825,0.117,1/1,n,motivo:nada
carta_015_verso_png.rf.dHgwLIEQRoOda6vrlo5A,1,0.934935,0.198579,0.013679,0.010593,0.652,2/1,s,
carta_015_verso_png.rf.dHgwLIEQRoOda6vrlo5A,2,0.051264,0.140308,0.014631,0.011378,0.558,2/1,s,
carta_015_verso_png.rf.dHgwLIEQRoOda6vrlo5A,3,0.104435,0.448991,0.014024,0.010447,0.546,2/1,s,
carta_015_verso_png.rf.dHgwLIEQRoOda6vrlo5A,4,0.492945,0.629869,0.016058,0.011285,0.492,2/1,s,
carta_015_verso_png.rf.dHgwLIEQRoOda6vrlo5A,5,0.268667,0.314863,0.016347,0.011489,0.3,1/1,s,
carta_015_verso_png.rf.dHgwLIEQRoOda6vrlo5A,6,0.059335,0.575977,0.015263,0.012269,0.232,1/1,s,
carta_015_verso_png.rf.dHgwLIEQRoOda6vrlo5A,7,0.273857,0.029854,0.019076,0.010846,0.214,1/1,s,
carta_015_verso_png.rf.dHgwLIEQRoOda6vrlo5A,8,0.097438,0.075482,0.044725,0.019356,0.144,2/1,s,
carta_015_verso_png.rf.dHgwLIEQRoOda6vrlo5A,9,0.039299,0.35087,0.010089,0.010572,0.143,1/1,s,
carta_015_verso_png.rf.dHgwLIEQRoOda6vrlo5A,10,0.064598,0.511036,0.016715,0.014531,0.1,1/1,s,
carta_016_frente_png.rf.SDm7CcKAIH1os8esivWS,1,0.156325,0.315541,0.010672,0.007504,0.304,1/1,n,motivo:arte
carta_016_frente_png.rf.SDm7CcKAIH1os8esivWS,2,0.3144,0.009603,0.017224,0.00966,0.235,1/1,n,fora da carta
carta_016_frente_png.rf.SDm7CcKAIH1os8esivWS,3,0.70903,0.378884,0.009745,0.007622,0.214,1/1,n,motivo:arte
carta_016_frente_png.rf.SDm7CcKAIH1os8esivWS,4,0.144049,0.279533,0.011822,0.012019,0.185,1/1,n,motivo:arte
carta_016_frente_png.rf.SDm7CcKAIH1os8esivWS,5,0.188797,0.333511,0.011211,0.008983,0.183,1/1,n,motivo:arte
carta_016_frente_png.rf.SDm7CcKAIH1os8esivWS,6,0.370225,0.303069,0.011874,0.008302,0.162,1/1,n,motivo:arte
carta_016_frente_png.rf.SDm7CcKAIH1os8esivWS,7,0.843885,0.177932,0.013456,0.009807,0.16,1/1,n,motivo:arte
carta_016_frente_png.rf.SDm7CcKAIH1os8esivWS,8,0.412379,0.155116,0.016275,0.011569,0.122,1/1,n,motivo:arte
carta_016_frente_png.rf.SDm7CcKAIH1os8esivWS,9,0.690105,0.15515,0.018529,0.011112,0.117,1/1,n,motivo:arte
carta_016_verso_png.rf.XPb6kpTsALiZcapRcMue,1,0.112741,0.550788,0.019706,0.014128,0.37,2/1,s,
carta_016_verso_png.rf.XPb6kpTsALiZcapRcMue,2,0.834856,0.098434,0.021617,0.014153,0.254,1/1,s,
carta_016_verso_png.rf.XPb6kpTsALiZcapRcMue,3,0.249743,0.148331,0.023385,0.014119,0.242,1/1,s,
carta_016_verso_png.rf.XPb6kpTsALiZcapRcMue,4,0.325165,0.205414,0.01516,0.010716,0.238,1/1,s,
carta_016_verso_png.rf.XPb6kpTsALiZcapRcMue,5,0.707389,0.202201,0.014864,0.011243,0.229,1/1,s,
carta_016_verso_png.rf.XPb6kpTsALiZcapRcMue,6,0.760094,0.617863,0.010189,0.007604,0.224,1/1,s,
carta_016_verso_png.rf.XPb6kpTsALiZcapRcMue,7,0.918834,0.686026,0.013405,0.012937,0.134,1/1,s,
carta_016_verso_png.rf.XPb6kpTsALiZcapRcMue,8,0.474434,0.836126,0.013311,0.009207,0.131,1/1,s,
carta_016_verso_png.rf.XPb6kpTsALiZcapRcMue,9,0.607406,0.825103,0.016601,0.01127,0.124,1/1,s,
carta_016_verso_png.rf.XPb6kpTsALiZcapRcMue,10,0.292083,0.184459,0.034745,0.013142,0.12,1/1,s,
carta_017_frente_png.rf.e4rfP6r2PdEArEIq34Gd,1,0.954242,0.536531,0.031098,0.020074,0.268,1/1,n,motivo:arte
carta_017_frente_png.rf.e4rfP6r2PdEArEIq34Gd,2,0.448068,0.679226,0.01189,0.008346,0.126,1/1,s,
carta_017_frente_png.rf.e4rfP6r2PdEArEIq34Gd,3,0.433642,0.020318,0.017154,0.011579,0.111,1/1,s,
carta_017_frente_png.rf.e4rfP6r2PdEArEIq34Gd,4,0.735401,0.170394,0.02125,0.024637,0.103,1/1,n,motivo:arte
carta_017_verso_png.rf.J9620nknSuInfZAvkSLW,1,0.256891,0.035809,0.01817,0.012339,0.104,1/1,n,motivo:nada
carta_018_frente_png.rf.Ug9r6OD257GfpkUQtNxH,1,0.954312,0.027649,0.018035,0.018278,0.144,2/1,s,
carta_019_frente_png.rf.ZZvNCYQm4ZwYQZFo66F0,1,0.34005,0.994519,0.017587,0.010155,0.295,1/1,n,motivo: Fora da imagem da carta
carta_019_verso_png.rf.K4kiBfWRV6sHofxg6qr5,1,0.052933,0.033781,0.064442,0.050284,0.227,2/1,n,motivo:nada
carta_019_verso_png.rf.K4kiBfWRV6sHofxg6qr5,2,0.853368,0.024039,0.02311,0.012547,0.117,1/1,s,
carta_019_verso_png.rf.K4kiBfWRV6sHofxg6qr5,3,0.36532,0.728698,0.011342,0.009065,0.1,1/1,s,
carta_020_frente_png.rf.c2mxBWWORgRi94nO2Xfa,1,0.216476,0.285306,0.012436,0.008785,0.135,1/1,s,
carta_020_verso_png.rf.eY9eTyZdrlCjXcC9F5hd,1,0.950938,0.792624,0.021669,0.029276,0.274,2/1,s,
carta_020_verso_png.rf.eY9eTyZdrlCjXcC9F5hd,2,0.585411,0.975911,0.018297,0.00971,0.272,1/1,s,
carta_020_verso_png.rf.eY9eTyZdrlCjXcC9F5hd,3,0.566706,0.042341,0.038112,0.022241,0.13,1/1,n,motivo:nada
carta_022_frente_png.rf.YtEn3Y96kGZvsEK0GNIn,1,0.983635,0.537607,0.01675,0.012495,0.571,1/1,n,motivo: fora da imagem da carta
carta_022_verso_png.rf.moqvnopWv5bBBAafyT37,1,0.407637,0.568401,0.015042,0.011838,0.362,1/1,s,
carta_022_verso_png.rf.moqvnopWv5bBBAafyT37,2,0.559171,0.384658,0.01149,0.008532,0.13,1/1,n,motivo:arte
carta_023_verso_png.rf.AHlKKvi93sNPpLNlcZhX,1,0.489892,0.496131,0.021443,0.014043,0.44,1/1,n,motivo:arte
carta_023_verso_png.rf.AHlKKvi93sNPpLNlcZhX,2,0.523421,0.576504,0.017018,0.011727,0.387,1/1,s,
carta_023_verso_png.rf.AHlKKvi93sNPpLNlcZhX,3,0.622294,0.436845,0.023372,0.01443,0.145,1/1,s,
carta_024_verso_png.rf.Wt0Muffvg8Qm2f6QyCm6,1,0.603422,0.005825,0.022744,0.01165,0.104,1/1,n,motivo: fora da carta
carta_025_frente_png.rf.Eef0DVtOS47iOmsmH9uW,1,0.897197,0.994722,0.016682,0.009359,0.32,1/1,n,motivo: fora da carta
carta_026_verso_png.rf.LNnL13zD2OwyjMETtJhB,1,0.454441,0.542919,0.015906,0.009863,0.539,2/1,s,
carta_026_verso_png.rf.LNnL13zD2OwyjMETtJhB,2,0.971517,0.060329,0.012236,0.008028,0.112,1/1,s,
carta_027_verso_png.rf.Vza7TKbaXVhddRRYc8CJ,1,0.024164,0.090178,0.013797,0.012386,0.116,1/1,s,
carta_028_frente_png.rf.IqWr3fpoY3VqNILN1Jdz,1,0.611588,0.046113,0.017842,0.010391,0.209,1/1,s,
carta_028_frente_png.rf.IqWr3fpoY3VqNILN1Jdz,2,0.359784,0.995089,0.018589,0.009823,0.109,1/1,n,motivo: fora da carta
carta_028_verso_png.rf.uKQcsXHt37Sa58B82jac,1,0.107508,0.005308,0.016323,0.009467,0.143,1/1,n,motivo: fora da carta
carta_030_verso_png.rf.VCSHdj61Bzf2HXXo4Bk0,1,0.353369,0.994412,0.016018,0.010332,0.178,1/1,n,motivo: fora da carta
carta_031_frente_png.rf.9o7sWEEst5YO71o1ddLj,1,0.963962,0.21628,0.015464,0.010617,0.381,1/1,s,
carta_031_verso_png.rf.MCMeDDZFkX8H5Z91tCij,1,0.402361,0.53838,0.021729,0.014157,0.451,2/1,s,
carta_033_frente_png.rf.hxZXWhj6TyvIYcYVHkuB,1,0.714526,0.169378,0.013963,0.01029,0.209,1/1,n,motivo:arte
carta_033_verso_png.rf.hsjXraGBDeWf0f0yiNto,1,0.034706,0.185087,0.012892,0.009845,0.16,1/1,s,
carta_033_verso_png.rf.hsjXraGBDeWf0f0yiNto,2,0.704364,0.283572,0.016517,0.010852,0.103,1/1,s,
carta_034_frente_png.rf.F7xZ4DKjd7hzEdzi98ui,1,0.830025,0.390113,0.016556,0.009591,0.245,1/1,n,motivo:arte
carta_034_frente_png.rf.F7xZ4DKjd7hzEdzi98ui,2,0.285892,0.235323,0.019603,0.012902,0.127,1/1,n,motivo:arte
carta_035_frente_png.rf.cRu5w3mUQMTMTmW65TCC,1,0.945566,0.961931,0.056775,0.03261,0.28,1/1,n,motivo:nada
carta_035_frente_png.rf.cRu5w3mUQMTMTmW65TCC,2,0.827664,0.48161,0.01552,0.009772,0.193,1/1,s,
carta_035_frente_png.rf.cRu5w3mUQMTMTmW65TCC,3,0.454564,0.244973,0.011414,0.008125,0.184,1/1,n,motivo:arte
carta_035_frente_png.rf.cRu5w3mUQMTMTmW65TCC,4,0.239531,0.175705,0.011428,0.00795,0.178,1/1,n,motivo:arte
carta_035_frente_png.rf.cRu5w3mUQMTMTmW65TCC,5,0.052762,0.034558,0.062515,0.040945,0.176,1/1,n,motivo:nada
carta_035_frente_png.rf.cRu5w3mUQMTMTmW65TCC,6,0.963831,0.152465,0.011219,0.010822,0.104,1/1,n,motivo:nada
carta_035_verso_png.rf.ASaZ32NUVlWAsD5Z5RIB,1,0.483848,0.196558,0.012172,0.009448,0.438,1/1,s,
carta_035_verso_png.rf.ASaZ32NUVlWAsD5Z5RIB,2,0.273663,0.04553,0.021519,0.011225,0.314,1/1,s,
carta_035_verso_png.rf.ASaZ32NUVlWAsD5Z5RIB,3,0.553875,0.515795,0.016249,0.011567,0.303,1/1,s,
carta_035_verso_png.rf.ASaZ32NUVlWAsD5Z5RIB,4,0.76297,0.9743,0.019484,0.009789,0.261,1/1,s,
carta_035_verso_png.rf.ASaZ32NUVlWAsD5Z5RIB,5,0.660841,0.197865,0.032914,0.012616,0.254,2/1,s,
carta_035_verso_png.rf.ASaZ32NUVlWAsD5Z5RIB,6,0.848397,0.198885,0.013285,0.011759,0.206,1/1,s,
carta_035_verso_png.rf.ASaZ32NUVlWAsD5Z5RIB,7,0.636239,0.941991,0.020211,0.013445,0.163,1/1,s,
carta_035_verso_png.rf.ASaZ32NUVlWAsD5Z5RIB,8,0.378794,0.343459,0.01625,0.012271,0.143,1/1,s,
carta_035_verso_png.rf.ASaZ32NUVlWAsD5Z5RIB,9,0.961457,0.290715,0.014139,0.012649,0.11,1/1,s,
carta_036_frente_png.rf.N0lAUXfYSmkJWf5tgObD,1,0.985689,0.550927,0.019215,0.014052,0.345,1/1,n,motivo: fora da carta
carta_036_frente_png.rf.N0lAUXfYSmkJWf5tgObD,2,0.755955,0.253238,0.022391,0.017841,0.126,1/1,n,motivo:arte
carta_036_verso_png.rf.XRvbJger5l23sAzNqZtc,1,0.240933,0.014697,0.02033,0.01391,0.659,2/1,n,"motivo: fora da carta
"
carta_036_verso_png.rf.XRvbJger5l23sAzNqZtc,2,0.953351,0.956666,0.017749,0.013823,0.562,2/1,s,
carta_036_verso_png.rf.XRvbJger5l23sAzNqZtc,3,0.027015,0.824751,0.016537,0.013661,0.517,2/1,n,motivo: fora da carta
carta_036_verso_png.rf.XRvbJger5l23sAzNqZtc,4,0.137624,0.025644,0.016127,0.008115,0.307,1/1,s,
carta_036_verso_png.rf.XRvbJger5l23sAzNqZtc,5,0.958588,0.118888,0.014655,0.011264,0.213,1/1,s,
carta_036_verso_png.rf.XRvbJger5l23sAzNqZtc,6,0.858893,0.126992,0.017085,0.012017,0.176,1/1,n,motivo:nada
carta_036_verso_png.rf.XRvbJger5l23sAzNqZtc,7,0.953405,0.311403,0.014178,0.012484,0.138,1/1,s,
carta_036_verso_png.rf.XRvbJger5l23sAzNqZtc,8,0.44168,0.974369,0.015628,0.009264,0.125,1/1,s,
carta_036_verso_png.rf.XRvbJger5l23sAzNqZtc,9,0.262284,0.321578,0.024923,0.013652,0.113,1/1,n,motivo:nada
carta_037_frente_png.rf.KFQstprPmeHyL9DfxUOE,1,0.645358,0.064193,0.015732,0.011761,0.437,1/1,s,
carta_037_frente_png.rf.KFQstprPmeHyL9DfxUOE,2,0.771938,0.95795,0.017689,0.012041,0.312,1/1,s,
carta_037_frente_png.rf.KFQstprPmeHyL9DfxUOE,3,0.214611,0.496264,0.012325,0.016191,0.124,1/1,n,motivo:arte
carta_037_verso_png.rf.scKsw9BvKiMxnLZ4Lvt7,1,0.947805,0.667687,0.014391,0.010757,0.346,1/1,s,
carta_037_verso_png.rf.scKsw9BvKiMxnLZ4Lvt7,2,0.069027,0.005866,0.016446,0.009146,0.331,1/1,n,motivo: fora da carta
carta_037_verso_png.rf.scKsw9BvKiMxnLZ4Lvt7,3,0.415887,0.974519,0.015,0.010619,0.331,1/1,s,
carta_037_verso_png.rf.scKsw9BvKiMxnLZ4Lvt7,4,0.177551,0.988089,0.015379,0.011009,0.274,1/1,n,motivo: fora da carta
carta_038_frente_png.rf.SOkiw8ieSiNK79b7wQ2P,1,0.312204,0.675744,0.009979,0.007307,0.22,1/1,s,
carta_038_verso_png.rf.wcFWMWFUC0VHAtZEthGh,1,0.779845,0.56788,0.012972,0.009766,0.251,2/1,n,motivo:nada
carta_038_verso_png.rf.wcFWMWFUC0VHAtZEthGh,2,0.312862,0.50145,0.014475,0.010418,0.231,1/1,s,
carta_038_verso_png.rf.wcFWMWFUC0VHAtZEthGh,3,0.097642,0.071198,0.048505,0.039034,0.225,1/1,n,motivo:nada
carta_038_verso_png.rf.wcFWMWFUC0VHAtZEthGh,4,0.586626,0.966882,0.016439,0.012128,0.193,1/1,s,
carta_039_frente_png.rf.XBZyT7mPuPfxme91VL9M,1,0.610937,0.402506,0.012926,0.008612,0.614,1/1,n,motivo:arte
carta_039_frente_png.rf.XBZyT7mPuPfxme91VL9M,2,0.829702,0.412815,0.010852,0.008052,0.504,1/1,n,motivo:arte
carta_039_frente_png.rf.XBZyT7mPuPfxme91VL9M,3,0.460939,0.175733,0.011709,0.008435,0.43,1/1,s,
carta_039_frente_png.rf.XBZyT7mPuPfxme91VL9M,4,0.02815,0.857711,0.010719,0.015846,0.347,1/1,s,
carta_039_frente_png.rf.XBZyT7mPuPfxme91VL9M,5,0.180737,0.307016,0.021006,0.015838,0.234,1/1,n,motivo:nada
carta_039_frente_png.rf.XBZyT7mPuPfxme91VL9M,6,0.453289,0.467298,0.012914,0.009436,0.138,1/1,n,motivo:arte
carta_039_frente_png.rf.XBZyT7mPuPfxme91VL9M,7,0.793819,0.584643,0.026314,0.011352,0.12,1/1,n,motivo:arte
carta_039_frente_png.rf.XBZyT7mPuPfxme91VL9M,8,0.139714,0.385099,0.018566,0.011375,0.117,1/1,n,motivo:arte
carta_039_frente_png.rf.XBZyT7mPuPfxme91VL9M,9,0.964066,0.936425,0.010968,0.018702,0.102,1/1,n,motivo:nada
carta_039_verso_png.rf.fjNOYONvzDmkPXH6ovcN,1,0.939331,0.038734,0.069628,0.050858,0.489,1/1,s,
carta_039_verso_png.rf.fjNOYONvzDmkPXH6ovcN,2,0.538476,0.942815,0.016829,0.009728,0.451,1/1,s,
carta_039_verso_png.rf.fjNOYONvzDmkPXH6ovcN,3,0.028936,0.093959,0.010771,0.018897,0.153,1/1,s,
carta_039_verso_png.rf.fjNOYONvzDmkPXH6ovcN,4,0.139077,0.889297,0.019205,0.015112,0.109,1/1,s,
carta_040_frente_png.rf.KXsonFVWOZVguTaZZ7mY,1,0.043073,0.042232,0.038628,0.026151,0.136,1/1,n,motivo:nada
carta_040_frente_png.rf.KXsonFVWOZVguTaZZ7mY,2,0.143351,0.285941,0.015243,0.014585,0.13,1/1,n,motivo:arte
carta_040_frente_png.rf.KXsonFVWOZVguTaZZ7mY,3,0.807315,0.189721,0.019003,0.012583,0.128,1/1,n,motivo:arte
carta_040_frente_png.rf.KXsonFVWOZVguTaZZ7mY,4,0.510506,0.994922,0.013897,0.010156,0.108,1/1,n,motivo: fora da carta
carta_040_frente_png.rf.KXsonFVWOZVguTaZZ7mY,5,0.264211,0.190643,0.020772,0.015312,0.1,1/1,n,motivo:arte
carta_040_verso_png.rf.5FuFOyXFklobmguZ6sxu,1,0.483635,0.441793,0.016633,0.010347,0.616,2/1,s,
carta_040_verso_png.rf.5FuFOyXFklobmguZ6sxu,2,0.361916,0.948033,0.015278,0.009243,0.309,1/1,s,
carta_040_verso_png.rf.5FuFOyXFklobmguZ6sxu,3,0.252336,0.772441,0.013429,0.008816,0.239,1/1,s,
carta_040_verso_png.rf.5FuFOyXFklobmguZ6sxu,4,0.054958,0.576396,0.031197,0.029266,0.117,1/1,s,
carta_041_frente_png.rf.Jlb6ZvtbzglEsRoNKLQg,1,0.636713,0.990948,0.021712,0.013279,0.185,1/1,n,motivo: fora da carta
carta_041_frente_png.rf.Jlb6ZvtbzglEsRoNKLQg,2,0.941023,0.96764,0.037942,0.017974,0.108,1/1,n,motivo:nada
carta_041_verso_png.rf.UxeLCppslEyawY1goaFo,1,0.957916,0.185693,0.017893,0.014008,0.519,1/1,s,
carta_041_verso_png.rf.UxeLCppslEyawY1goaFo,2,0.770978,0.956162,0.019878,0.011926,0.478,1/1,s,
carta_041_verso_png.rf.UxeLCppslEyawY1goaFo,3,0.058034,0.713663,0.015093,0.009977,0.387,1/1,s,
carta_041_verso_png.rf.UxeLCppslEyawY1goaFo,4,0.09714,0.43015,0.023754,0.016453,0.366,1/1,s,
carta_041_verso_png.rf.UxeLCppslEyawY1goaFo,5,0.846638,0.028758,0.016946,0.009798,0.297,1/1,s,
carta_041_verso_png.rf.UxeLCppslEyawY1goaFo,6,0.73074,0.958036,0.017847,0.01091,0.237,1/1,s,
carta_041_verso_png.rf.UxeLCppslEyawY1goaFo,7,0.952245,0.27394,0.017838,0.014847,0.149,1/1,s,
carta_041_verso_png.rf.UxeLCppslEyawY1goaFo,8,0.922076,0.797744,0.013357,0.009827,0.141,1/1,s,
carta_041_verso_png.rf.UxeLCppslEyawY1goaFo,9,0.96207,0.603658,0.012092,0.011087,0.136,1/1,s,
carta_041_verso_png.rf.UxeLCppslEyawY1goaFo,10,0.304287,0.967455,0.02079,0.011181,0.119,1/1,s,
carta_041_verso_png.rf.UxeLCppslEyawY1goaFo,11,0.574011,0.546139,0.015753,0.011908,0.114,1/1,s,
carta_041_verso_png.rf.UxeLCppslEyawY1goaFo,12,0.033065,0.069683,0.011904,0.011203,0.11,1/1,s,
carta_041_verso_png.rf.UxeLCppslEyawY1goaFo,13,0.939009,0.33821,0.017134,0.014142,0.109,1/1,s,
carta_041_verso_png.rf.UxeLCppslEyawY1goaFo,14,0.062533,0.131083,0.022712,0.021165,0.106,1/1,n,
carta_041_verso_png.rf.UxeLCppslEyawY1goaFo,15,0.959268,0.245406,0.01388,0.011746,0.103,1/1,s,
carta_042_frente_png.rf.pcIon4x0io0MuvUcRcJ4,1,0.320876,0.3974,0.014317,0.011142,0.383,2/1,s,
carta_042_frente_png.rf.pcIon4x0io0MuvUcRcJ4,2,0.158301,0.990342,0.016422,0.009968,0.292,1/1,n,motivo: fora da carta
carta_042_frente_png.rf.pcIon4x0io0MuvUcRcJ4,3,0.607001,0.006676,0.023201,0.010378,0.211,1/1,n,motivo: fora da carta
carta_042_verso_png.rf.gP2VTbjgfgEPxAb3BAKI,1,0.116443,0.636802,0.019226,0.013175,0.299,1/1,s,
carta_042_verso_png.rf.gP2VTbjgfgEPxAb3BAKI,2,0.197527,0.806812,0.022852,0.01305,0.26,1/1,s,
carta_042_verso_png.rf.gP2VTbjgfgEPxAb3BAKI,3,0.597156,0.544327,0.015081,0.012679,0.258,1/1,s,
carta_042_verso_png.rf.gP2VTbjgfgEPxAb3BAKI,4,0.406127,0.006614,0.017822,0.010338,0.249,1/1,n,motivo: fora da carta
carta_042_verso_png.rf.gP2VTbjgfgEPxAb3BAKI,5,0.073354,0.394963,0.015914,0.012541,0.16,1/1,s,
carta_042_verso_png.rf.gP2VTbjgfgEPxAb3BAKI,6,0.252682,0.055616,0.016581,0.009962,0.158,1/1,n,motivo:nada
carta_042_verso_png.rf.gP2VTbjgfgEPxAb3BAKI,7,0.929087,0.211418,0.011529,0.009399,0.154,1/1,n,motivo:nada
carta_042_verso_png.rf.gP2VTbjgfgEPxAb3BAKI,8,0.87504,0.967067,0.019279,0.010796,0.131,1/1,n,motivo:nada
carta_042_verso_png.rf.gP2VTbjgfgEPxAb3BAKI,9,0.043511,0.077744,0.014508,0.011413,0.109,1/1,s,
carta_042_verso_png.rf.gP2VTbjgfgEPxAb3BAKI,10,0.938978,0.039597,0.072324,0.046695,0.107,1/1,n,motivo:nada
carta_043_frente_png.rf.crswln2LG9KHohSsYTnp,1,0.759541,0.201626,0.013489,0.009029,0.239,1/1,n,motivo:arte
carta_043_frente_png.rf.crswln2LG9KHohSsYTnp,2,0.700647,0.445951,0.010739,0.005709,0.144,1/1,n,motivo:arte
carta_043_frente_png.rf.crswln2LG9KHohSsYTnp,3,0.948805,0.960838,0.04935,0.037727,0.139,1/1,n,motivo:nada
carta_043_frente_png.rf.crswln2LG9KHohSsYTnp,4,0.805214,0.336339,0.013576,0.00922,0.111,1/1,n,motivo:arte
carta_043_frente_png.rf.crswln2LG9KHohSsYTnp,5,0.85537,0.210761,0.014163,0.009853,0.106,1/1,n,motivo:arte
carta_043_verso_png.rf.gnvOQw8cvhpEt90GnlhJ,1,0.487552,0.961851,0.019896,0.013826,0.48,2/1,s,
carta_043_verso_png.rf.gnvOQw8cvhpEt90GnlhJ,2,0.93108,0.95646,0.020657,0.014493,0.363,1/1,n,motivo:nada
carta_043_verso_png.rf.gnvOQw8cvhpEt90GnlhJ,3,0.804098,0.36892,0.017769,0.010789,0.343,1/1,s,
carta_043_verso_png.rf.gnvOQw8cvhpEt90GnlhJ,4,0.944033,0.650297,0.014368,0.010385,0.331,2/1,n,motivo:sujeira
carta_043_verso_png.rf.gnvOQw8cvhpEt90GnlhJ,5,0.043576,0.923923,0.017708,0.015845,0.281,1/1,n,motivo:sujeira
carta_043_verso_png.rf.gnvOQw8cvhpEt90GnlhJ,6,0.050185,0.365963,0.017504,0.012833,0.213,1/1,s,
carta_043_verso_png.rf.gnvOQw8cvhpEt90GnlhJ,7,0.085381,0.903928,0.0186,0.014005,0.213,1/1,s,
carta_043_verso_png.rf.gnvOQw8cvhpEt90GnlhJ,8,0.048093,0.860197,0.014849,0.013567,0.211,1/1,n,motivo:nada
carta_043_verso_png.rf.gnvOQw8cvhpEt90GnlhJ,9,0.929097,0.877622,0.013665,0.009419,0.179,1/1,n,motivo:sujeira
carta_043_verso_png.rf.gnvOQw8cvhpEt90GnlhJ,10,0.064801,0.262176,0.009431,0.010113,0.16,1/1,n,motivo:sujeira
carta_044_verso_png.rf.mTdMG7vsRjA3Zkr1LZzw,1,0.064657,0.871138,0.017232,0.019212,0.531,1/1,s,
carta_044_verso_png.rf.mTdMG7vsRjA3Zkr1LZzw,2,0.056268,0.939202,0.015871,0.011463,0.325,1/1,s,
carta_044_verso_png.rf.mTdMG7vsRjA3Zkr1LZzw,3,0.913944,0.353641,0.018146,0.012304,0.269,1/1,s,
carta_044_verso_png.rf.mTdMG7vsRjA3Zkr1LZzw,4,0.173162,0.038651,0.01859,0.015253,0.184,1/1,s,
carta_044_verso_png.rf.mTdMG7vsRjA3Zkr1LZzw,5,0.181252,0.03667,0.037879,0.018856,0.149,1/1,n,
carta_044_verso_png.rf.mTdMG7vsRjA3Zkr1LZzw,6,0.933775,0.050038,0.016714,0.012682,0.111,1/1,n,motivo:nada
carta_044_verso_png.rf.mTdMG7vsRjA3Zkr1LZzw,7,0.03927,0.056839,0.010976,0.008198,0.106,1/1,s,
carta_045_verso_png.rf.xAMbTpFQpCZ1R04krm5e,1,0.454788,0.482145,0.013233,0.009225,0.169,1/1,s,
carta_045_verso_png.rf.xAMbTpFQpCZ1R04krm5e,2,0.954829,0.632698,0.013756,0.010685,0.125,1/1,s,
carta_045_verso_png.rf.xAMbTpFQpCZ1R04krm5e,3,0.78338,0.026454,0.019705,0.010024,0.101,1/1,s,
carta_046_frente_png.rf.b1AfxXxjOwxuHpzWFou8,1,0.843972,0.246162,0.017293,0.013994,0.13,1/1,n,motivo:arte
carta_046_verso_png.rf.2zpdv7uygv2UtfRRUzRS,1,0.057604,0.561308,0.022667,0.022682,0.784,2/1,s,
carta_046_verso_png.rf.2zpdv7uygv2UtfRRUzRS,2,0.503128,0.036794,0.019968,0.018495,0.343,1/1,s,
carta_046_verso_png.rf.2zpdv7uygv2UtfRRUzRS,3,0.931169,0.802454,0.013581,0.014012,0.238,1/1,s,
carta_046_verso_png.rf.2zpdv7uygv2UtfRRUzRS,4,0.811988,0.040674,0.01699,0.012047,0.205,1/1,s,
carta_046_verso_png.rf.2zpdv7uygv2UtfRRUzRS,5,0.392771,0.027247,0.013735,0.007531,0.185,1/1,s,
carta_046_verso_png.rf.2zpdv7uygv2UtfRRUzRS,6,0.071059,0.738744,0.011915,0.0101,0.162,2/1,s,
carta_047_frente_png.rf.LroUKJIx9AsoaBJoMmOu,1,0.773489,0.180791,0.015475,0.009766,0.587,2/1,s,
carta_047_frente_png.rf.LroUKJIx9AsoaBJoMmOu,2,0.775725,0.282103,0.015692,0.011066,0.467,2/1,s,
carta_047_frente_png.rf.LroUKJIx9AsoaBJoMmOu,3,0.695651,0.454533,0.016902,0.01202,0.357,1/1,s,
carta_047_frente_png.rf.LroUKJIx9AsoaBJoMmOu,4,0.761328,0.232453,0.012357,0.007203,0.244,2/1,s,
carta_047_frente_png.rf.LroUKJIx9AsoaBJoMmOu,5,0.046325,0.542877,0.032686,0.01655,0.231,1/1,s,
carta_047_frente_png.rf.LroUKJIx9AsoaBJoMmOu,6,0.828459,0.219612,0.015234,0.009507,0.214,1/1,s,
carta_047_frente_png.rf.LroUKJIx9AsoaBJoMmOu,7,0.941472,0.660462,0.015528,0.010383,0.214,1/1,s,
carta_047_frente_png.rf.LroUKJIx9AsoaBJoMmOu,8,0.04212,0.592569,0.025717,0.01189,0.21,2/1,s,
carta_047_frente_png.rf.LroUKJIx9AsoaBJoMmOu,9,0.909839,0.734772,0.051392,0.012864,0.191,1/1,n,motivo:arte
carta_047_frente_png.rf.LroUKJIx9AsoaBJoMmOu,10,0.046017,0.669351,0.04144,0.016927,0.164,1/1,s,
carta_047_frente_png.rf.LroUKJIx9AsoaBJoMmOu,11,0.33159,0.476202,0.017722,0.012729,0.158,1/1,s,
carta_047_frente_png.rf.LroUKJIx9AsoaBJoMmOu,12,0.749966,0.307471,0.015746,0.010696,0.131,1/1,s,
carta_047_frente_png.rf.LroUKJIx9AsoaBJoMmOu,13,0.732951,0.101181,0.012865,0.00918,0.131,1/1,s,
carta_047_frente_png.rf.LroUKJIx9AsoaBJoMmOu,14,0.753027,0.258645,0.01044,0.006736,0.126,1/1,s,
carta_047_frente_png.rf.LroUKJIx9AsoaBJoMmOu,15,0.474231,0.118161,0.016825,0.009367,0.121,1/1,s,
carta_047_verso_png.rf.uXRECh5TElGdvj7xLLuC,1,0.940848,0.667538,0.052585,0.024369,0.807,2/1,n,
carta_047_verso_png.rf.uXRECh5TElGdvj7xLLuC,2,0.591105,0.211895,0.027087,0.020821,0.601,2/1,s,
carta_047_verso_png.rf.uXRECh5TElGdvj7xLLuC,3,0.530888,0.00976,0.016765,0.01193,0.421,2/1,n,motivo:fora
carta_047_verso_png.rf.uXRECh5TElGdvj7xLLuC,4,0.397473,0.71995,0.026391,0.018191,0.404,2/1,s,
carta_047_verso_png.rf.uXRECh5TElGdvj7xLLuC,5,0.13098,0.311048,0.038908,0.025651,0.341,3/1,s,
carta_047_verso_png.rf.uXRECh5TElGdvj7xLLuC,6,0.882448,0.605309,0.043559,0.018822,0.313,2/1,s,
carta_047_verso_png.rf.uXRECh5TElGdvj7xLLuC,7,0.655433,0.434766,0.017584,0.011974,0.307,1/1,s,
carta_047_verso_png.rf.uXRECh5TElGdvj7xLLuC,8,0.851045,0.191926,0.011471,0.009718,0.26,1/1,s,
carta_047_verso_png.rf.uXRECh5TElGdvj7xLLuC,9,0.614724,0.458742,0.032738,0.014285,0.259,1/1,s,
carta_047_verso_png.rf.uXRECh5TElGdvj7xLLuC,10,0.386747,0.690758,0.02316,0.017776,0.247,1/1,s,
carta_047_verso_png.rf.uXRECh5TElGdvj7xLLuC,11,0.54472,0.351197,0.054602,0.024008,0.222,1/1,s,
carta_047_verso_png.rf.uXRECh5TElGdvj7xLLuC,12,0.110644,0.637678,0.021372,0.013446,0.203,1/1,s,
carta_047_verso_png.rf.uXRECh5TElGdvj7xLLuC,13,0.884509,0.600903,0.093803,0.031403,0.192,2/1,n,
carta_047_verso_png.rf.uXRECh5TElGdvj7xLLuC,14,0.759189,0.097163,0.027693,0.01608,0.181,1/1,s,
carta_047_verso_png.rf.uXRECh5TElGdvj7xLLuC,15,0.53508,0.578736,0.035963,0.031036,0.176,2/1,s,
carta_047_verso_png.rf.uXRECh5TElGdvj7xLLuC,16,0.232592,0.310186,0.026665,0.013971,0.165,1/1,s,
carta_047_verso_png.rf.uXRECh5TElGdvj7xLLuC,17,0.599149,0.530705,0.02263,0.028166,0.156,1/1,s,
carta_047_verso_png.rf.uXRECh5TElGdvj7xLLuC,18,0.688292,0.750339,0.013745,0.008596,0.14,1/1,s,
carta_047_verso_png.rf.uXRECh5TElGdvj7xLLuC,19,0.64228,0.492924,0.016405,0.01386,0.13,1/1,s,
carta_047_verso_png.rf.uXRECh5TElGdvj7xLLuC,20,0.511329,0.951235,0.026109,0.021909,0.12,1/1,s,
carta_047_verso_png.rf.uXRECh5TElGdvj7xLLuC,21,0.737526,0.453723,0.014554,0.009485,0.118,1/1,s,
carta_047_verso_png.rf.uXRECh5TElGdvj7xLLuC,22,0.743561,0.59767,0.039904,0.055592,0.112,1/1,s,
carta_047_verso_png.rf.uXRECh5TElGdvj7xLLuC,23,0.268054,0.535013,0.018817,0.014064,0.1,1/1,s,
carta_048_frente_png.rf.MeNpA9nflyHGqf4jqyY1,1,0.951843,0.992328,0.014994,0.010589,0.141,1/1,n,motivo:fora
carta_048_verso_png.rf.s7M9dF8rlX1OaPsHaDfz,1,0.062853,0.132095,0.012714,0.011531,0.267,1/1,s,
carta_048_verso_png.rf.s7M9dF8rlX1OaPsHaDfz,2,0.735914,0.497393,0.014165,0.009519,0.208,1/1,n,motivo:nada
carta_048_verso_png.rf.s7M9dF8rlX1OaPsHaDfz,3,0.829028,0.958335,0.017352,0.012806,0.193,1/1,s,
carta_048_verso_png.rf.s7M9dF8rlX1OaPsHaDfz,4,0.439693,0.951628,0.018891,0.012066,0.11,1/1,n,motivo:nada
carta_049_frente_png.rf.jkDl4YDxTtzRYV3hfFjM,1,0.243767,0.151494,0.014024,0.015043,0.463,1/1,n,motivo: parte da carta é um trovao nao um defeito
carta_049_frente_png.rf.jkDl4YDxTtzRYV3hfFjM,2,0.662351,0.166023,0.018305,0.01225,0.336,1/1,s,
carta_049_frente_png.rf.jkDl4YDxTtzRYV3hfFjM,3,0.185386,0.192468,0.019045,0.012367,0.278,1/1,n,motivo:arte
carta_049_frente_png.rf.jkDl4YDxTtzRYV3hfFjM,4,0.511838,0.060622,0.019499,0.014169,0.224,2/1,n,motivo:arte
carta_049_frente_png.rf.jkDl4YDxTtzRYV3hfFjM,5,0.659457,0.474479,0.016225,0.023547,0.219,1/1,n,motivo:arte
carta_049_frente_png.rf.jkDl4YDxTtzRYV3hfFjM,6,0.938157,0.681201,0.014472,0.010615,0.211,1/1,s,
carta_049_frente_png.rf.jkDl4YDxTtzRYV3hfFjM,7,0.949946,0.322062,0.014876,0.011957,0.206,1/1,s,
carta_049_frente_png.rf.jkDl4YDxTtzRYV3hfFjM,8,0.1911,0.115588,0.022673,0.011897,0.191,1/1,n,motivo:arte
carta_049_frente_png.rf.jkDl4YDxTtzRYV3hfFjM,9,0.041762,0.276358,0.024583,0.021228,0.11,1/1,n,motivo:arte
carta_049_verso_png.rf.EtjTDprSoFQh78rttoCo,1,0.489371,0.523232,0.016295,0.01265,0.608,2/1,s,
carta_049_verso_png.rf.EtjTDprSoFQh78rttoCo,2,0.420304,0.52254,0.018818,0.013136,0.422,2/1,s,
carta_049_verso_png.rf.EtjTDprSoFQh78rttoCo,3,0.137714,0.891675,0.014611,0.009217,0.278,1/1,s,
carta_049_verso_png.rf.EtjTDprSoFQh78rttoCo,4,0.393963,0.009865,0.015382,0.009973,0.229,1/1,n,motivo:fora
carta_049_verso_png.rf.EtjTDprSoFQh78rttoCo,5,0.568312,0.993455,0.01696,0.0118,0.157,1/1,n,motivo:fora
carta_049_verso_png.rf.EtjTDprSoFQh78rttoCo,6,0.039931,0.085116,0.015846,0.013272,0.121,1/1,s,
carta_050_frente_png.rf.ysmJ4hjnIW99mC507QNB,1,0.044033,0.221757,0.0285,0.016253,0.129,1/1,n,motivo:nada
carta_050_verso_png.rf.CC4TutZJcsQFsFb4nq8e,1,0.172533,0.765105,0.014777,0.011123,0.387,1/1,s,
carta_050_verso_png.rf.CC4TutZJcsQFsFb4nq8e,2,0.755039,0.987154,0.016722,0.011091,0.19,1/1,n,motivo:fora
carta_050_verso_png.rf.CC4TutZJcsQFsFb4nq8e,3,0.084947,0.029846,0.013777,0.008408,0.174,1/1,s,
carta_050_verso_png.rf.CC4TutZJcsQFsFb4nq8e,4,0.183023,0.043338,0.0184,0.010712,0.168,1/1,s,
carta_050_verso_png.rf.CC4TutZJcsQFsFb4nq8e,5,0.967252,0.620079,0.011085,0.011862,0.103,1/1,s,
carta_051_verso_png.rf.KEQFifHsp6QEGDxDyunr,1,0.223836,0.958926,0.015143,0.01157,0.248,1/1,s,
carta_051_verso_png.rf.KEQFifHsp6QEGDxDyunr,2,0.057924,0.501718,0.017765,0.012267,0.121,1/1,s,
carta_051_verso_png.rf.KEQFifHsp6QEGDxDyunr,3,0.059808,0.418722,0.017135,0.011576,0.113,1/1,s,
carta_052_frente_png.rf.Bi0FqISyTIu7vnDdlTmA,1,0.620511,0.987354,0.017197,0.01144,0.358,1/1,n,motivo:fora
carta_052_verso_png.rf.aBPWXBJeGtOKok02BiJs,1,0.060758,0.69708,0.017911,0.017188,0.541,2/1,s,
carta_052_verso_png.rf.aBPWXBJeGtOKok02BiJs,2,0.355051,0.948209,0.019592,0.010611,0.274,1/1,s,
carta_052_verso_png.rf.aBPWXBJeGtOKok02BiJs,3,0.063682,0.09267,0.01491,0.011551,0.243,1/1,s,
carta_052_verso_png.rf.aBPWXBJeGtOKok02BiJs,4,0.058169,0.827528,0.017586,0.018001,0.186,2/1,s,
carta_052_verso_png.rf.aBPWXBJeGtOKok02BiJs,5,0.935599,0.155339,0.013117,0.012004,0.166,1/1,s,
carta_052_verso_png.rf.aBPWXBJeGtOKok02BiJs,6,0.93901,0.037018,0.073185,0.047007,0.152,1/1,n,motivo:nada
carta_052_verso_png.rf.aBPWXBJeGtOKok02BiJs,7,0.90354,0.962585,0.02794,0.014254,0.129,1/1,s,
carta_053_verso_png.rf.jp37Mg0F9jMGwhpSrneF,1,0.652899,0.94445,0.01246,0.008039,0.22,1/1,s,
carta_053_verso_png.rf.jp37Mg0F9jMGwhpSrneF,2,0.786993,0.99262,0.016971,0.012474,0.166,1/1,n,motivo:fora
carta_053_verso_png.rf.jp37Mg0F9jMGwhpSrneF,3,0.947932,0.946473,0.018966,0.013449,0.136,1/1,s,
carta_053_verso_png.rf.jp37Mg0F9jMGwhpSrneF,4,0.084056,0.058515,0.02221,0.01155,0.134,1/1,s,
carta_053_verso_png.rf.jp37Mg0F9jMGwhpSrneF,5,0.584466,0.949776,0.014997,0.009187,0.128,1/1,s,
carta_053_verso_png.rf.jp37Mg0F9jMGwhpSrneF,6,0.246569,0.513621,0.020273,0.01559,0.128,1/1,s,
carta_054_verso_png.rf.ZR8sQp1IFTeZUKFlBBBU,1,0.741104,0.062067,0.035594,0.014558,0.17,1/1,n,motivo:nada
carta_054_verso_png.rf.ZR8sQp1IFTeZUKFlBBBU,2,0.122545,0.989418,0.01483,0.009802,0.165,1/1,n,motivo:fora
carta_054_verso_png.rf.ZR8sQp1IFTeZUKFlBBBU,3,0.306315,0.382065,0.01419,0.009298,0.125,1/1,s,
carta_054_verso_png.rf.ZR8sQp1IFTeZUKFlBBBU,4,0.518569,0.543234,0.019267,0.013134,0.111,1/1,n,motivo:nada
carta_055_frente_png.rf.4H4HAY6L8WZsOgUdcwXD,1,0.055157,0.959812,0.051126,0.033665,0.367,1/1,s,
carta_055_frente_png.rf.4H4HAY6L8WZsOgUdcwXD,2,0.294301,0.034015,0.025567,0.019535,0.265,1/1,s,
carta_055_frente_png.rf.4H4HAY6L8WZsOgUdcwXD,3,0.781265,0.977287,0.273347,0.035526,0.166,2/1,n,motivo:fora
carta_055_frente_png.rf.4H4HAY6L8WZsOgUdcwXD,4,0.144839,0.214392,0.033733,0.0277,0.145,2/1,n,motivo:arte
carta_055_frente_png.rf.4H4HAY6L8WZsOgUdcwXD,5,0.931798,0.964011,0.074332,0.036288,0.104,1/1,n,motivo:nada
carta_055_verso_png.rf.snVAsllJZgbqhGzbn31S,1,0.064686,0.916369,0.019909,0.019846,0.405,1/1,s,
carta_056_frente_png.rf.4gxcKzODPx55nqutCcPq,1,0.183318,0.030132,0.018167,0.01002,0.128,1/1,s,
carta_056_verso_png.rf.s5VSxJYJ3pm9GKtxuTdU,1,0.812221,0.270098,0.013211,0.009259,0.362,1/1,s,
carta_056_verso_png.rf.s5VSxJYJ3pm9GKtxuTdU,2,0.088736,0.061277,0.036944,0.014764,0.196,1/1,n,motivo:nada
carta_056_verso_png.rf.s5VSxJYJ3pm9GKtxuTdU,3,0.047538,0.470007,0.017638,0.019425,0.146,1/1,s,
carta_056_verso_png.rf.s5VSxJYJ3pm9GKtxuTdU,4,0.474028,0.951582,0.018075,0.012115,0.138,1/1,s,
carta_057_frente_png.rf.TSLXtytLrz1tsaROEQHZ,1,0.932698,0.133545,0.00957,0.00752,0.122,1/1,n,motivo:arte
carta_057_frente_png.rf.TSLXtytLrz1tsaROEQHZ,2,0.237349,0.516805,0.015685,0.011236,0.121,1/1,n,motivo:arte
carta_057_verso_png.rf.FFybdrb34NoJiwQTuHpk,1,0.072375,0.972388,0.038061,0.016089,0.273,2/1,s,
carta_057_verso_png.rf.FFybdrb34NoJiwQTuHpk,2,0.798093,0.817504,0.012024,0.009029,0.206,2/1,s,
carta_057_verso_png.rf.FFybdrb34NoJiwQTuHpk,3,0.493815,0.813692,0.012047,0.008093,0.163,1/1,s,nao sei se é
carta_058_frente_png.rf.zcqF6qBkBzfYfbCHgvIT,1,0.803462,0.356276,0.021798,0.017568,0.574,1/1,n,motivo:arte
carta_058_frente_png.rf.zcqF6qBkBzfYfbCHgvIT,2,0.909515,0.252425,0.019617,0.013977,0.524,1/1,n,motivo:arte
carta_058_frente_png.rf.zcqF6qBkBzfYfbCHgvIT,3,0.852205,0.175014,0.023251,0.016362,0.479,1/1,n,motivo:arte
carta_058_frente_png.rf.zcqF6qBkBzfYfbCHgvIT,4,0.258602,0.227092,0.021896,0.014907,0.324,1/1,n,motivo:arte
carta_058_frente_png.rf.zcqF6qBkBzfYfbCHgvIT,5,0.212929,0.316851,0.024426,0.018925,0.294,1/1,n,motivo:arte
carta_058_frente_png.rf.zcqF6qBkBzfYfbCHgvIT,6,0.637599,0.147862,0.028447,0.018463,0.265,1/1,n,motivo:arte
carta_058_frente_png.rf.zcqF6qBkBzfYfbCHgvIT,7,0.393537,0.54343,0.025429,0.018585,0.259,1/1,n,motivo:arte
carta_058_frente_png.rf.zcqF6qBkBzfYfbCHgvIT,8,0.869131,0.497268,0.024298,0.01715,0.185,1/1,n,motivo:arte
carta_058_frente_png.rf.zcqF6qBkBzfYfbCHgvIT,9,0.714457,0.567438,0.024874,0.0196,0.18,1/1,n,motivo:arte
carta_058_frente_png.rf.zcqF6qBkBzfYfbCHgvIT,10,0.100749,0.558723,0.019361,0.016296,0.172,1/1,n,motivo:arte
carta_058_frente_png.rf.zcqF6qBkBzfYfbCHgvIT,11,0.235476,0.273477,0.021854,0.016891,0.166,1/1,n,motivo:arte
carta_058_frente_png.rf.zcqF6qBkBzfYfbCHgvIT,12,0.657946,0.585106,0.021418,0.016538,0.155,1/1,n,motivo:arte
carta_058_frente_png.rf.zcqF6qBkBzfYfbCHgvIT,13,0.797964,0.411332,0.025138,0.018082,0.141,1/1,n,motivo:arte
carta_058_frente_png.rf.zcqF6qBkBzfYfbCHgvIT,14,0.07269,0.274675,0.020821,0.016052,0.138,1/1,n,motivo:arte
carta_058_frente_png.rf.zcqF6qBkBzfYfbCHgvIT,15,0.151129,0.452849,0.019254,0.014081,0.135,1/1,n,motivo:arte
carta_058_verso_png.rf.529qQI1fsJRXHBfq14WG,1,0.948755,0.114917,0.017639,0.016456,0.321,1/1,s,
carta_058_verso_png.rf.529qQI1fsJRXHBfq14WG,2,0.526752,0.029558,0.018223,0.009777,0.175,1/1,s,
carta_058_verso_png.rf.529qQI1fsJRXHBfq14WG,3,0.052519,0.040126,0.025421,0.021769,0.132,1/1,s,
carta_059_frente_png.rf.spwXYtKvqx6jdTwPPhyh,1,0.887503,0.540789,0.013909,0.021804,0.186,1/1,n,motivo:arte
carta_059_frente_png.rf.spwXYtKvqx6jdTwPPhyh,2,0.543319,0.486677,0.020836,0.013556,0.153,1/1,n,motivo:arte
carta_059_frente_png.rf.spwXYtKvqx6jdTwPPhyh,3,0.060317,0.962308,0.064129,0.038728,0.141,1/1,n,motivo:nada
carta_059_verso_png.rf.yDZ977K2PpjqvEntnIRd,1,0.427512,0.02708,0.013991,0.007689,0.658,2/1,s,
carta_059_verso_png.rf.yDZ977K2PpjqvEntnIRd,2,0.273781,0.042416,0.018649,0.013213,0.468,2/1,s,
carta_059_verso_png.rf.yDZ977K2PpjqvEntnIRd,3,0.056877,0.088524,0.033177,0.016892,0.442,1/1,s,
carta_059_verso_png.rf.yDZ977K2PpjqvEntnIRd,4,0.424774,0.96425,0.033796,0.027874,0.419,1/1,s,
carta_059_verso_png.rf.yDZ977K2PpjqvEntnIRd,5,0.929605,0.214229,0.014289,0.011732,0.376,2/1,s,
carta_059_verso_png.rf.yDZ977K2PpjqvEntnIRd,6,0.060712,0.278954,0.01657,0.011401,0.332,2/1,s,
carta_059_verso_png.rf.yDZ977K2PpjqvEntnIRd,7,0.414953,0.962684,0.071945,0.032999,0.239,1/1,n,
carta_059_verso_png.rf.yDZ977K2PpjqvEntnIRd,8,0.653508,0.028108,0.013961,0.007108,0.204,1/1,s,
carta_059_verso_png.rf.yDZ977K2PpjqvEntnIRd,9,0.77854,0.947798,0.018969,0.016648,0.188,1/1,s,
carta_059_verso_png.rf.yDZ977K2PpjqvEntnIRd,10,0.935596,0.28954,0.014698,0.012258,0.141,1/1,s,
carta_059_verso_png.rf.yDZ977K2PpjqvEntnIRd,11,0.77112,0.027569,0.013214,0.007735,0.118,1/1,s,
carta_059_verso_png.rf.yDZ977K2PpjqvEntnIRd,12,0.050087,0.307677,0.011456,0.008127,0.115,1/1,s,
carta_059_verso_png.rf.yDZ977K2PpjqvEntnIRd,13,0.057878,0.373073,0.016823,0.014867,0.104,1/1,s,
carta_060_frente_png.rf.YLHAF8iBncZ01y5IHHIy,1,0.199588,0.787142,0.025142,0.015577,0.445,2/1,n,motivo:arte
carta_060_frente_png.rf.YLHAF8iBncZ01y5IHHIy,2,0.338361,0.467505,0.034531,0.025908,0.259,1/1,n,motivo:arte
carta_060_frente_png.rf.YLHAF8iBncZ01y5IHHIy,3,0.674478,0.303082,0.040915,0.022633,0.251,2/1,n,motivo:arte
carta_060_frente_png.rf.YLHAF8iBncZ01y5IHHIy,4,0.129994,0.80449,0.055555,0.026869,0.193,2/1,n,motivo:arte
carta_060_frente_png.rf.YLHAF8iBncZ01y5IHHIy,5,0.707519,0.032493,0.028838,0.016338,0.119,1/1,s,
carta_060_verso_png.rf.nW1JtHbzAl3ag0ayVbg4,1,0.239065,0.030424,0.019265,0.00995,0.532,2/1,s,
carta_060_verso_png.rf.nW1JtHbzAl3ag0ayVbg4,2,0.959176,0.215706,0.014325,0.01148,0.211,2/1,s,
carta_060_verso_png.rf.nW1JtHbzAl3ag0ayVbg4,3,0.639466,0.048906,0.02229,0.013958,0.208,2/1,s,
carta_060_verso_png.rf.nW1JtHbzAl3ag0ayVbg4,4,0.400446,0.988552,0.016313,0.010304,0.129,1/1,n,motivo:fora
carta_061_verso_png.rf.cn9o1WR1ACiZZe5CB7ik,1,0.955721,0.297757,0.016429,0.012628,0.388,1/1,s,
carta_061_verso_png.rf.cn9o1WR1ACiZZe5CB7ik,2,0.180964,0.77159,0.014673,0.010966,0.25,1/1,s,
carta_061_verso_png.rf.cn9o1WR1ACiZZe5CB7ik,3,0.931917,0.259737,0.016894,0.01186,0.133,1/1,s,
carta_062_verso_png.rf.xhSNxnWiLFtsHMoADFk1,1,0.050954,0.909313,0.017391,0.012895,0.288,2/1,s,
carta_062_verso_png.rf.xhSNxnWiLFtsHMoADFk1,2,0.671154,0.964535,0.018748,0.012518,0.257,1/1,s,
carta_062_verso_png.rf.xhSNxnWiLFtsHMoADFk1,3,0.068923,0.574702,0.016034,0.01062,0.254,2/1,s,
carta_062_verso_png.rf.xhSNxnWiLFtsHMoADFk1,4,0.607836,0.52026,0.013263,0.009817,0.124,1/1,s,
carta_063_frente_png.rf.YaofVjk6E0DWpIYpmo3P,1,0.406869,0.509617,0.011082,0.008481,0.195,1/1,n,motivo:arte
carta_063_frente_png.rf.YaofVjk6E0DWpIYpmo3P,2,0.059878,0.957765,0.054581,0.033162,0.117,1/1,n,motivo:nada
carta_063_verso_png.rf.VjgbY4wGHRi3IRaWe3Pi,1,0.506864,0.960866,0.019244,0.010049,0.166,1/1,s,
carta_063_verso_png.rf.VjgbY4wGHRi3IRaWe3Pi,2,0.263208,0.521536,0.018122,0.012585,0.126,1/1,s,
carta_064_verso_png.rf.VraNO166WyN4KKDKD37y,1,0.242586,0.046567,0.022334,0.015098,0.417,2/1,s,
carta_064_verso_png.rf.VraNO166WyN4KKDKD37y,2,0.610757,0.943643,0.016241,0.010253,0.364,1/1,s,
carta_064_verso_png.rf.VraNO166WyN4KKDKD37y,3,0.381982,0.943882,0.017032,0.009154,0.288,1/1,s,
carta_064_verso_png.rf.VraNO166WyN4KKDKD37y,4,0.040805,0.691727,0.014953,0.012678,0.267,2/1,s,
carta_064_verso_png.rf.VraNO166WyN4KKDKD37y,5,0.936197,0.282568,0.014393,0.0103,0.164,1/1,s,
carta_064_verso_png.rf.VraNO166WyN4KKDKD37y,6,0.058476,0.962561,0.071628,0.047638,0.115,1/1,s,
carta_064_verso_png.rf.VraNO166WyN4KKDKD37y,7,0.07347,0.883152,0.010573,0.008815,0.103,1/1,s,
carta_065_frente_png.rf.4kxxBKmQ6QPFVho0Bu52,1,0.945299,0.075497,0.022799,0.017563,0.279,2/1,n,motivo:nada
carta_065_frente_png.rf.4kxxBKmQ6QPFVho0Bu52,2,0.604974,0.05526,0.018163,0.010911,0.142,1/1,n,motivo:arte
carta_065_frente_png.rf.4kxxBKmQ6QPFVho0Bu52,3,0.237834,0.061742,0.040436,0.014517,0.14,2/1,n,motivo:arte
carta_065_verso_png.rf.34xjZCSnjhHHRpser0m7,1,0.062817,0.71149,0.015132,0.011019,0.199,1/1,s,
carta_065_verso_png.rf.34xjZCSnjhHHRpser0m7,2,0.048485,0.062449,0.014969,0.012571,0.126,1/1,s,
carta_066_frente_png.rf.5Rrfvzcz9sn4eS6myEYQ,1,0.054939,0.959056,0.061091,0.043046,0.403,1/1,n,motivo:nada
carta_066_verso_png.rf.83MtyazDPlYIyih1H3ai,1,0.388933,0.245275,0.016245,0.011202,0.206,1/1,s,
carta_067_frente_png.rf.LBW4SxWeHPMD4zLGf6Lh,1,0.033816,0.726055,0.011453,0.010054,0.153,1/1,s,
carta_067_frente_png.rf.LBW4SxWeHPMD4zLGf6Lh,2,0.367994,0.078118,0.015087,0.011575,0.15,1/1,n,motivo:arte
carta_067_frente_png.rf.LBW4SxWeHPMD4zLGf6Lh,3,0.657933,0.985806,0.015683,0.010934,0.108,1/1,n,motivo:fora
carta_067_verso_png.rf.e3SpKLjtqaUlAF4O6tTQ,1,0.059833,0.622176,0.017796,0.016195,0.197,1/1,s,
carta_067_verso_png.rf.e3SpKLjtqaUlAF4O6tTQ,2,0.178989,0.05038,0.017216,0.011245,0.154,1/1,s,
carta_067_verso_png.rf.e3SpKLjtqaUlAF4O6tTQ,3,0.065101,0.422649,0.013558,0.009071,0.136,2/1,s,
carta_067_verso_png.rf.e3SpKLjtqaUlAF4O6tTQ,4,0.066736,0.681417,0.015662,0.012834,0.12,1/1,s,
carta_068_frente_png.rf.lBuov3EizXqWoIK6Y4Ak,1,0.899355,0.225366,0.016847,0.011963,0.249,1/1,s,
carta_068_frente_png.rf.lBuov3EizXqWoIK6Y4Ak,2,0.927928,0.351379,0.017119,0.014168,0.169,1/1,n,motivo:arte
carta_068_frente_png.rf.lBuov3EizXqWoIK6Y4Ak,3,0.061497,0.965227,0.061702,0.035567,0.141,1/1,n,motivo:nada
carta_068_verso_png.rf.evrS3gc9VCCxmJAUex28,1,0.429818,0.964906,0.022331,0.016407,0.439,1/1,s,
carta_068_verso_png.rf.evrS3gc9VCCxmJAUex28,2,0.059224,0.738639,0.026013,0.036583,0.315,1/1,s,
carta_068_verso_png.rf.evrS3gc9VCCxmJAUex28,3,0.191375,0.799756,0.011675,0.008148,0.314,1/1,s,
carta_068_verso_png.rf.evrS3gc9VCCxmJAUex28,4,0.755296,0.533006,0.016649,0.012247,0.245,1/1,s,
carta_068_verso_png.rf.evrS3gc9VCCxmJAUex28,5,0.791903,0.98619,0.018535,0.014761,0.226,1/1,n,motivo:fora
carta_068_verso_png.rf.evrS3gc9VCCxmJAUex28,6,0.576767,0.452162,0.013012,0.008974,0.15,1/1,s,
carta_068_verso_png.rf.evrS3gc9VCCxmJAUex28,7,0.950843,0.387272,0.014532,0.012424,0.135,1/1,s,
carta_068_verso_png.rf.evrS3gc9VCCxmJAUex28,8,0.524593,0.445826,0.011385,0.008806,0.11,1/1,s,
carta_068_verso_png.rf.evrS3gc9VCCxmJAUex28,9,0.860967,0.987445,0.016965,0.013494,0.108,1/1,n,motivo:fora
carta_068_verso_png.rf.evrS3gc9VCCxmJAUex28,10,0.449161,0.942217,0.013507,0.008121,0.101,1/1,s,
carta_069_frente_png.rf.p2T9snekNbzMvQC5ODk6,1,0.77994,0.494494,0.009955,0.006955,0.27,1/1,n,motivo:arte
carta_069_frente_png.rf.p2T9snekNbzMvQC5ODk6,2,0.346613,0.051696,0.019684,0.009845,0.183,1/1,s,
carta_069_frente_png.rf.p2T9snekNbzMvQC5ODk6,3,0.96686,0.745811,0.010143,0.010946,0.111,1/1,s,
carta_069_frente_png.rf.p2T9snekNbzMvQC5ODk6,4,0.058353,0.035343,0.06909,0.044892,0.106,1/1,s,
carta_069_verso_png.rf.0bdc6W5VkaRgddS10UDz,1,0.216744,0.203051,0.012581,0.00849,0.328,1/1,s,
carta_069_verso_png.rf.0bdc6W5VkaRgddS10UDz,2,0.111602,0.456918,0.015179,0.012132,0.311,1/1,s,
carta_069_verso_png.rf.0bdc6W5VkaRgddS10UDz,3,0.154085,0.027364,0.01625,0.009162,0.309,1/1,s,
carta_069_verso_png.rf.0bdc6W5VkaRgddS10UDz,4,0.762922,0.476642,0.013013,0.009309,0.224,1/1,s,
carta_069_verso_png.rf.0bdc6W5VkaRgddS10UDz,5,0.200926,0.536318,0.010676,0.007992,0.221,1/1,s,
carta_069_verso_png.rf.0bdc6W5VkaRgddS10UDz,6,0.076144,0.801258,0.010747,0.008272,0.135,1/1,s,
carta_069_verso_png.rf.0bdc6W5VkaRgddS10UDz,7,0.034855,0.582917,0.008889,0.032444,0.115,1/1,s,
carta_070_frente_png.rf.WEC3sb7URJZ5zmZx8thz,1,0.588137,0.448743,0.017177,0.011791,0.383,2/1,s,
carta_070_frente_png.rf.WEC3sb7URJZ5zmZx8thz,2,0.713478,0.836729,0.018615,0.012344,0.234,1/1,s,
carta_070_frente_png.rf.WEC3sb7URJZ5zmZx8thz,3,0.131644,0.645542,0.016593,0.011843,0.177,1/1,s,
carta_070_frente_png.rf.WEC3sb7URJZ5zmZx8thz,4,0.858998,0.224811,0.01251,0.011172,0.161,1/1,n,motivo:arte
carta_070_frente_png.rf.WEC3sb7URJZ5zmZx8thz,5,0.983589,0.739249,0.015916,0.01482,0.15,1/1,n,motivo:fora
carta_070_verso_png.rf.HVxiAs3R4N3L9NJaTWsc,1,0.266889,0.030034,0.019998,0.012108,0.529,2/1,s,
carta_070_verso_png.rf.HVxiAs3R4N3L9NJaTWsc,2,0.366137,0.533201,0.014953,0.010635,0.365,1/1,s,
carta_070_verso_png.rf.HVxiAs3R4N3L9NJaTWsc,3,0.956642,0.207913,0.014169,0.012525,0.325,1/1,s,
carta_070_verso_png.rf.HVxiAs3R4N3L9NJaTWsc,4,0.435851,0.055454,0.016454,0.010983,0.257,1/1,s,
carta_070_verso_png.rf.HVxiAs3R4N3L9NJaTWsc,5,0.288131,0.515547,0.013627,0.009264,0.214,1/1,s,
carta_070_verso_png.rf.HVxiAs3R4N3L9NJaTWsc,6,0.767981,0.10929,0.015947,0.010858,0.184,1/1,s,
carta_070_verso_png.rf.HVxiAs3R4N3L9NJaTWsc,7,0.980736,0.052738,0.017797,0.014622,0.173,1/1,n,motivo:fora
carta_070_verso_png.rf.HVxiAs3R4N3L9NJaTWsc,8,0.161377,0.385462,0.014642,0.010102,0.168,1/1,s,
carta_070_verso_png.rf.HVxiAs3R4N3L9NJaTWsc,9,0.160701,0.006251,0.015337,0.008431,0.149,1/1,n,motivo:fora
carta_070_verso_png.rf.HVxiAs3R4N3L9NJaTWsc,10,0.212628,0.640548,0.021533,0.016636,0.145,1/1,s,
carta_070_verso_png.rf.HVxiAs3R4N3L9NJaTWsc,11,0.424057,0.246796,0.012191,0.01128,0.14,1/1,n,motivo:nada
carta_070_verso_png.rf.HVxiAs3R4N3L9NJaTWsc,12,0.18083,0.88536,0.015454,0.011413,0.127,1/1,s,
carta_070_verso_png.rf.HVxiAs3R4N3L9NJaTWsc,13,0.087155,0.198686,0.01579,0.014512,0.111,1/1,s,
carta_070_verso_png.rf.HVxiAs3R4N3L9NJaTWsc,14,0.851371,0.974383,0.019663,0.011111,0.103,1/1,s,
carta_071_frente_png.rf.kkGE1RW67uqaq24GpuW6,1,0.411821,0.029733,0.028715,0.01463,0.21,1/1,s,
carta_071_frente_png.rf.kkGE1RW67uqaq24GpuW6,2,0.939119,0.033124,0.076862,0.041244,0.206,1/1,s,
carta_071_frente_png.rf.kkGE1RW67uqaq24GpuW6,3,0.046354,0.440466,0.018192,0.013111,0.171,1/1,s,
carta_071_verso_png.rf.icxDXq2G5xbXZijv582M,1,0.034148,0.801024,0.012271,0.027839,0.528,3/1,s,
carta_071_verso_png.rf.icxDXq2G5xbXZijv582M,2,0.447609,0.040507,0.016762,0.010106,0.309,1/1,s,
carta_071_verso_png.rf.icxDXq2G5xbXZijv582M,3,0.495003,0.957122,0.013106,0.008805,0.209,2/1,s,
carta_071_verso_png.rf.icxDXq2G5xbXZijv582M,4,0.033887,0.840738,0.008737,0.023252,0.195,1/1,s,
carta_071_verso_png.rf.icxDXq2G5xbXZijv582M,5,0.034,0.438929,0.008026,0.012202,0.175,1/1,s,
carta_071_verso_png.rf.icxDXq2G5xbXZijv582M,6,0.96681,0.08931,0.008436,0.011667,0.14,2/1,s,
carta_071_verso_png.rf.icxDXq2G5xbXZijv582M,7,0.353938,0.9601,0.021328,0.014579,0.132,1/1,s,
carta_071_verso_png.rf.icxDXq2G5xbXZijv582M,8,0.058282,0.418211,0.01998,0.018706,0.129,1/1,s,
carta_071_verso_png.rf.icxDXq2G5xbXZijv582M,9,0.03365,0.117258,0.008261,0.01648,0.115,1/1,s,
carta_072_frente_png.rf.dQDbEQDpIxZ4Ghyfus1w,1,0.370346,0.103155,0.016639,0.011391,0.277,1/1,s,
carta_072_frente_png.rf.dQDbEQDpIxZ4Ghyfus1w,2,0.076437,0.785079,0.09081,0.057037,0.259,1/1,s,
carta_072_frente_png.rf.dQDbEQDpIxZ4Ghyfus1w,3,0.927732,0.316067,0.016592,0.014081,0.22,1/1,s,
carta_072_frente_png.rf.dQDbEQDpIxZ4Ghyfus1w,4,0.287162,0.098523,0.015107,0.011459,0.191,1/1,s,
carta_072_frente_png.rf.dQDbEQDpIxZ4Ghyfus1w,5,0.503907,0.28352,0.012502,0.009767,0.179,1/1,n,motivo:nada
carta_072_frente_png.rf.dQDbEQDpIxZ4Ghyfus1w,6,0.542309,0.541734,0.021795,0.015786,0.128,1/1,n,motivo:arte
carta_072_verso_png.rf.Rj1oaxypBrpIKtc4Wxrj,1,0.959877,0.145077,0.01389,0.02732,0.471,2/1,s,
carta_072_verso_png.rf.Rj1oaxypBrpIKtc4Wxrj,2,0.947309,0.183216,0.026916,0.026524,0.383,1/1,s,
carta_072_verso_png.rf.Rj1oaxypBrpIKtc4Wxrj,3,0.701667,0.658293,0.015026,0.01156,0.318,1/1,s,
carta_072_verso_png.rf.Rj1oaxypBrpIKtc4Wxrj,4,0.283822,0.952376,0.019289,0.013203,0.315,1/1,s,
carta_072_verso_png.rf.Rj1oaxypBrpIKtc4Wxrj,5,0.491389,0.301958,0.018198,0.012693,0.305,1/1,s,
carta_072_verso_png.rf.Rj1oaxypBrpIKtc4Wxrj,6,0.111082,0.867477,0.014045,0.010554,0.241,2/1,s,
carta_072_verso_png.rf.Rj1oaxypBrpIKtc4Wxrj,7,0.136056,0.318198,0.024808,0.021168,0.241,1/1,s,
carta_072_verso_png.rf.Rj1oaxypBrpIKtc4Wxrj,8,0.625505,0.027367,0.017176,0.010294,0.201,1/1,s,
carta_072_verso_png.rf.Rj1oaxypBrpIKtc4Wxrj,9,0.277927,0.048605,0.02185,0.014589,0.179,1/1,s,
carta_072_verso_png.rf.Rj1oaxypBrpIKtc4Wxrj,10,0.074767,0.846405,0.011682,0.025355,0.174,2/1,s,
carta_072_verso_png.rf.Rj1oaxypBrpIKtc4Wxrj,11,0.586879,0.455347,0.015834,0.01105,0.173,1/1,s,
carta_072_verso_png.rf.Rj1oaxypBrpIKtc4Wxrj,12,0.187088,0.051742,0.014131,0.009158,0.125,1/1,s,
carta_072_verso_png.rf.Rj1oaxypBrpIKtc4Wxrj,13,0.958778,0.151505,0.010902,0.009319,0.122,1/1,s,
carta_072_verso_png.rf.Rj1oaxypBrpIKtc4Wxrj,14,0.431976,0.414987,0.01126,0.007667,0.107,1/1,s,
carta_073_frente_png.rf.VknyamTWtXcL9PXRrg7S,1,0.71839,0.835264,0.021237,0.014491,0.617,2/1,s,
carta_073_frente_png.rf.VknyamTWtXcL9PXRrg7S,2,0.729997,0.451507,0.021386,0.014041,0.438,2/1,s,
carta_073_frente_png.rf.VknyamTWtXcL9PXRrg7S,3,0.960046,0.728392,0.012608,0.022022,0.348,2/1,s,
carta_073_frente_png.rf.VknyamTWtXcL9PXRrg7S,4,0.411759,0.353233,0.010698,0.00689,0.333,1/1,n,motivo:arte
carta_073_frente_png.rf.VknyamTWtXcL9PXRrg7S,5,0.163406,0.944685,0.016104,0.010432,0.329,2/1,s,
carta_073_frente_png.rf.VknyamTWtXcL9PXRrg7S,6,0.059939,0.647235,0.015549,0.011381,0.233,2/1,s,
carta_073_frente_png.rf.VknyamTWtXcL9PXRrg7S,7,0.074694,0.267183,0.027145,0.017319,0.223,2/1,s,
carta_073_frente_png.rf.VknyamTWtXcL9PXRrg7S,8,0.059985,0.442592,0.012906,0.011765,0.222,1/1,s,
carta_073_frente_png.rf.VknyamTWtXcL9PXRrg7S,9,0.423352,0.812053,0.022974,0.015592,0.209,1/1,s,
carta_073_frente_png.rf.VknyamTWtXcL9PXRrg7S,10,0.632688,0.95353,0.023655,0.013437,0.185,1/1,s,
carta_073_frente_png.rf.VknyamTWtXcL9PXRrg7S,11,0.688725,0.503629,0.013602,0.009411,0.165,1/1,s,
carta_073_frente_png.rf.VknyamTWtXcL9PXRrg7S,12,0.682498,0.955258,0.022829,0.017534,0.128,1/1,s,
carta_073_frente_png.rf.VknyamTWtXcL9PXRrg7S,13,0.758581,0.06531,0.035351,0.014556,0.112,1/1,n,
carta_073_frente_png.rf.VknyamTWtXcL9PXRrg7S,14,0.961171,0.310284,0.013208,0.011273,0.105,1/1,s,
carta_073_verso_png.rf.PnB5cL8RvVWsMpBJ00oM,1,0.711882,0.764717,0.014887,0.01035,0.666,2/1,s,
carta_073_verso_png.rf.PnB5cL8RvVWsMpBJ00oM,2,0.203948,0.830382,0.01802,0.013615,0.547,2/1,s,
carta_073_verso_png.rf.PnB5cL8RvVWsMpBJ00oM,3,0.845061,0.563809,0.026879,0.018818,0.46,2/1,s,
carta_073_verso_png.rf.PnB5cL8RvVWsMpBJ00oM,4,0.951878,0.366129,0.015402,0.011873,0.442,2/1,s,
carta_073_verso_png.rf.PnB5cL8RvVWsMpBJ00oM,5,0.397254,0.642001,0.038262,0.024394,0.439,2/1,s,
carta_073_verso_png.rf.PnB5cL8RvVWsMpBJ00oM,6,0.760793,0.580083,0.024384,0.022425,0.386,2/1,s,
carta_073_verso_png.rf.PnB5cL8RvVWsMpBJ00oM,7,0.32974,0.613315,0.028877,0.025503,0.385,1/1,s,
carta_073_verso_png.rf.PnB5cL8RvVWsMpBJ00oM,8,0.209177,0.204312,0.018596,0.014079,0.36,1/1,s,
carta_073_verso_png.rf.PnB5cL8RvVWsMpBJ00oM,9,0.354651,0.343912,0.036699,0.027345,0.339,3/1,s,
carta_073_verso_png.rf.PnB5cL8RvVWsMpBJ00oM,10,0.950624,0.092994,0.016348,0.01238,0.334,2/1,s,
carta_073_verso_png.rf.PnB5cL8RvVWsMpBJ00oM,11,0.950862,0.440814,0.014462,0.022532,0.331,1/1,s,
carta_073_verso_png.rf.PnB5cL8RvVWsMpBJ00oM,12,0.883621,0.246466,0.017469,0.011459,0.315,1/1,s,
carta_073_verso_png.rf.PnB5cL8RvVWsMpBJ00oM,13,0.952732,0.329802,0.013397,0.009894,0.308,1/1,s,
carta_073_verso_png.rf.PnB5cL8RvVWsMpBJ00oM,14,0.888088,0.584555,0.024694,0.018144,0.292,1/1,s,
carta_073_verso_png.rf.PnB5cL8RvVWsMpBJ00oM,15,0.85845,0.95089,0.016638,0.010296,0.249,1/1,s,
carta_073_verso_png.rf.PnB5cL8RvVWsMpBJ00oM,16,0.376361,0.832789,0.014497,0.011298,0.249,1/1,s,
carta_073_verso_png.rf.PnB5cL8RvVWsMpBJ00oM,17,0.810318,0.03681,0.016258,0.010565,0.244,1/1,s,
carta_073_verso_png.rf.PnB5cL8RvVWsMpBJ00oM,18,0.620993,0.396186,0.031355,0.02125,0.242,1/1,s,
carta_073_verso_png.rf.PnB5cL8RvVWsMpBJ00oM,19,0.793716,0.569751,0.011359,0.008806,0.217,2/1,s,
carta_073_verso_png.rf.PnB5cL8RvVWsMpBJ00oM,20,0.201161,0.031757,0.020444,0.014035,0.21,1/1,s,
carta_073_verso_png.rf.PnB5cL8RvVWsMpBJ00oM,21,0.392114,0.199291,0.013461,0.010172,0.2,1/1,s,
carta_073_verso_png.rf.PnB5cL8RvVWsMpBJ00oM,22,0.945775,0.064735,0.015497,0.01032,0.198,1/1,s,
carta_073_verso_png.rf.PnB5cL8RvVWsMpBJ00oM,23,0.33452,0.610943,0.057831,0.051275,0.18,2/1,s,
carta_073_verso_png.rf.PnB5cL8RvVWsMpBJ00oM,24,0.953759,0.689149,0.011775,0.009477,0.151,1/1,s,
carta_073_verso_png.rf.PnB5cL8RvVWsMpBJ00oM,25,0.482635,0.180821,0.01451,0.010717,0.151,1/1,s,
carta_073_verso_png.rf.PnB5cL8RvVWsMpBJ00oM,26,0.2752,0.417816,0.018223,0.011197,0.149,1/1,s,
carta_073_verso_png.rf.PnB5cL8RvVWsMpBJ00oM,27,0.950514,0.736711,0.021434,0.020271,0.141,2/1,s,
carta_073_verso_png.rf.PnB5cL8RvVWsMpBJ00oM,28,0.956254,0.536587,0.014365,0.016177,0.138,2/1,s,
carta_073_verso_png.rf.PnB5cL8RvVWsMpBJ00oM,29,0.614765,0.168955,0.014134,0.009589,0.135,1/1,s,
carta_073_verso_png.rf.PnB5cL8RvVWsMpBJ00oM,30,0.489018,0.073299,0.022398,0.013424,0.129,1/1,s,
carta_073_verso_png.rf.PnB5cL8RvVWsMpBJ00oM,31,0.436901,0.268212,0.016844,0.012024,0.125,1/1,s,
carta_073_verso_png.rf.PnB5cL8RvVWsMpBJ00oM,32,0.368613,0.598187,0.025866,0.021427,0.124,2/1,s,
carta_073_verso_png.rf.PnB5cL8RvVWsMpBJ00oM,33,0.296011,0.482882,0.016103,0.011633,0.122,1/1,s,
carta_073_verso_png.rf.PnB5cL8RvVWsMpBJ00oM,34,0.616093,0.575383,0.045007,0.074764,0.116,1/1,s,
carta_073_verso_png.rf.PnB5cL8RvVWsMpBJ00oM,35,0.199836,0.164078,0.017004,0.010904,0.108,1/1,s,
carta_073_verso_png.rf.PnB5cL8RvVWsMpBJ00oM,36,0.701408,0.845287,0.016171,0.011662,0.106,1/1,s,
carta_074_frente_png.rf.eU0462q0UivsPEWzKNwM,1,0.132768,0.646782,0.020522,0.011479,0.35,2/1,s,
carta_074_frente_png.rf.eU0462q0UivsPEWzKNwM,2,0.976255,0.964785,0.015912,0.012383,0.338,1/1,n,motivo:fora
carta_074_frente_png.rf.eU0462q0UivsPEWzKNwM,3,0.058792,0.438975,0.03037,0.023663,0.238,3/1,s,
carta_074_frente_png.rf.eU0462q0UivsPEWzKNwM,4,0.417521,0.038728,0.061001,0.038913,0.193,2/1,s,
carta_074_frente_png.rf.eU0462q0UivsPEWzKNwM,5,0.890161,0.73622,0.018418,0.013563,0.19,1/1,s,
carta_074_frente_png.rf.eU0462q0UivsPEWzKNwM,6,0.882467,0.125725,0.021879,0.014094,0.182,2/1,s,
carta_074_frente_png.rf.eU0462q0UivsPEWzKNwM,7,0.862437,0.411557,0.018696,0.014962,0.178,1/1,s,
carta_074_frente_png.rf.eU0462q0UivsPEWzKNwM,8,0.588876,0.942089,0.02969,0.020023,0.172,1/1,s,
carta_074_frente_png.rf.eU0462q0UivsPEWzKNwM,9,0.446736,0.825061,0.018834,0.011956,0.167,1/1,s,
carta_074_frente_png.rf.eU0462q0UivsPEWzKNwM,10,0.707167,0.51554,0.016272,0.01152,0.12,1/1,s,
carta_074_verso_png.rf.2LPEH8fr4MNMrDSZCMTJ,1,0.176007,0.656937,0.018096,0.011621,0.511,2/1,n,
carta_074_verso_png.rf.2LPEH8fr4MNMrDSZCMTJ,2,0.844159,0.545038,0.026935,0.017975,0.403,2/1,s,
carta_074_verso_png.rf.2LPEH8fr4MNMrDSZCMTJ,3,0.498871,0.683872,0.017340,0.011550,0.402,1/1,n,
carta_074_verso_png.rf.2LPEH8fr4MNMrDSZCMTJ,4,0.691695,0.621909,0.022407,0.015302,0.395,2/1,s,
carta_074_verso_png.rf.2LPEH8fr4MNMrDSZCMTJ,5,0.669606,0.342404,0.017599,0.01221,0.386,2/1,s,
carta_074_verso_png.rf.2LPEH8fr4MNMrDSZCMTJ,6,0.391158,0.660212,0.02518,0.014574,0.36,1/1,s,
carta_074_verso_png.rf.2LPEH8fr4MNMrDSZCMTJ,7,0.54105,0.572006,0.017072,0.011227,0.323,1/1,s,
carta_074_verso_png.rf.2LPEH8fr4MNMrDSZCMTJ,8,0.377478,0.101769,0.026235,0.014793,0.312,2/1,s,
carta_074_verso_png.rf.2LPEH8fr4MNMrDSZCMTJ,9,0.495007,0.722231,0.01977,0.011896,0.305,2/1,s,
carta_074_verso_png.rf.2LPEH8fr4MNMrDSZCMTJ,10,0.793919,0.363476,0.015177,0.01021,0.302,1/1,s,
carta_074_verso_png.rf.2LPEH8fr4MNMrDSZCMTJ,11,0.950543,0.124784,0.020135,0.015192,0.297,2/1,s,
carta_074_verso_png.rf.2LPEH8fr4MNMrDSZCMTJ,12,0.130414,0.904357,0.032512,0.020604,0.294,2/1,s,
carta_074_verso_png.rf.2LPEH8fr4MNMrDSZCMTJ,13,0.644655,0.309368,0.023911,0.021307,0.284,2/1,s,
carta_074_verso_png.rf.2LPEH8fr4MNMrDSZCMTJ,14,0.357161,0.915495,0.023193,0.012259,0.266,2/1,s,
carta_074_verso_png.rf.2LPEH8fr4MNMrDSZCMTJ,15,0.53548,0.895954,0.041658,0.029145,0.255,2/1,s,
carta_074_verso_png.rf.2LPEH8fr4MNMrDSZCMTJ,16,0.551667,0.608642,0.024078,0.01295,0.249,1/1,s,
carta_074_verso_png.rf.2LPEH8fr4MNMrDSZCMTJ,17,0.479583,0.620867,0.019352,0.013402,0.239,1/1,s,
carta_074_verso_png.rf.2LPEH8fr4MNMrDSZCMTJ,18,0.945834,0.455296,0.037384,0.026086,0.233,2/1,s,
carta_074_verso_png.rf.2LPEH8fr4MNMrDSZCMTJ,19,0.208192,0.227826,0.015207,0.011397,0.229,1/1,s,
carta_074_verso_png.rf.2LPEH8fr4MNMrDSZCMTJ,20,0.18828,0.861384,0.017609,0.010529,0.219,2/1,s,
carta_074_verso_png.rf.2LPEH8fr4MNMrDSZCMTJ,21,0.901031,0.703075,0.019767,0.015413,0.202,1/1,s,
carta_074_verso_png.rf.2LPEH8fr4MNMrDSZCMTJ,22,0.668375,0.654799,0.015139,0.009889,0.197,1/1,s,
carta_074_verso_png.rf.2LPEH8fr4MNMrDSZCMTJ,23,0.180974,0.564264,0.017783,0.012406,0.187,1/1,s,
carta_074_verso_png.rf.2LPEH8fr4MNMrDSZCMTJ,24,0.221927,0.823252,0.023431,0.017577,0.164,2/1,s,
carta_074_verso_png.rf.2LPEH8fr4MNMrDSZCMTJ,25,0.495968,0.348651,0.031151,0.023038,0.164,2/1,s,
carta_074_verso_png.rf.2LPEH8fr4MNMrDSZCMTJ,26,0.792809,0.762806,0.020418,0.013958,0.158,1/1,s,
carta_074_verso_png.rf.2LPEH8fr4MNMrDSZCMTJ,27,0.849191,0.082923,0.01769,0.011511,0.155,1/1,s,
carta_074_verso_png.rf.2LPEH8fr4MNMrDSZCMTJ,28,0.851576,0.835966,0.018561,0.011339,0.146,1/1,s,
carta_074_verso_png.rf.2LPEH8fr4MNMrDSZCMTJ,29,0.076299,0.728761,0.017321,0.011575,0.145,1/1,s,
carta_074_verso_png.rf.2LPEH8fr4MNMrDSZCMTJ,30,0.421154,0.097237,0.017812,0.011518,0.136,1/1,s,
carta_074_verso_png.rf.2LPEH8fr4MNMrDSZCMTJ,31,0.691031,0.532273,0.025295,0.01398,0.128,1/1,s,
carta_074_verso_png.rf.2LPEH8fr4MNMrDSZCMTJ,32,0.891828,0.748714,0.016705,0.012681,0.127,1/1,s,
carta_074_verso_png.rf.2LPEH8fr4MNMrDSZCMTJ,33,0.304719,0.845247,0.019136,0.013017,0.127,1/1,s,
carta_074_verso_png.rf.2LPEH8fr4MNMrDSZCMTJ,34,0.102564,0.861913,0.02649,0.016376,0.123,1/1,s,
carta_074_verso_png.rf.2LPEH8fr4MNMrDSZCMTJ,35,0.093272,0.703648,0.013966,0.010378,0.115,1/1,s,
carta_074_verso_png.rf.2LPEH8fr4MNMrDSZCMTJ,36,0.680573,0.578292,0.022967,0.01767,0.112,1/1,s,
carta_074_verso_png.rf.2LPEH8fr4MNMrDSZCMTJ,37,0.203009,0.165202,0.020997,0.012887,0.108,1/1,s,
carta_074_verso_png.rf.2LPEH8fr4MNMrDSZCMTJ,38,0.696163,0.753488,0.018298,0.01095,0.104,1/1,s,
carta_074_verso_png.rf.2LPEH8fr4MNMrDSZCMTJ,39,0.498439,0.681965,0.027887,0.018144,0.1,1/1,n,
carta_075_frente_png.rf.oarglF0vdkYHYiLsiRp1,1,0.480065,0.479897,0.013673,0.009135,0.446,1/1,s,
carta_075_frente_png.rf.oarglF0vdkYHYiLsiRp1,2,0.511227,0.952601,0.02406,0.015409,0.446,2/1,s,
carta_075_frente_png.rf.oarglF0vdkYHYiLsiRp1,3,0.056755,0.408699,0.016727,0.013518,0.402,1/1,s,
carta_075_frente_png.rf.oarglF0vdkYHYiLsiRp1,4,0.299737,0.716904,0.014838,0.00975,0.372,1/1,s,
carta_075_frente_png.rf.oarglF0vdkYHYiLsiRp1,5,0.72816,0.950419,0.023629,0.014926,0.368,2/1,s,
carta_075_frente_png.rf.oarglF0vdkYHYiLsiRp1,6,0.614407,0.950543,0.021585,0.015308,0.336,2/1,s,
carta_075_frente_png.rf.oarglF0vdkYHYiLsiRp1,7,0.940131,0.594165,0.022289,0.028194,0.307,2/1,s,
carta_075_frente_png.rf.oarglF0vdkYHYiLsiRp1,8,0.273934,0.859894,0.016277,0.007926,0.276,1/1,s,
carta_075_frente_png.rf.oarglF0vdkYHYiLsiRp1,9,0.629042,0.757532,0.018988,0.011575,0.257,1/1,s,
carta_075_frente_png.rf.oarglF0vdkYHYiLsiRp1,10,0.325155,0.702202,0.012876,0.008174,0.252,1/1,s,
carta_075_frente_png.rf.oarglF0vdkYHYiLsiRp1,11,0.944017,0.563795,0.01717,0.013235,0.25,2/1,s,
carta_075_frente_png.rf.oarglF0vdkYHYiLsiRp1,12,0.481967,0.131734,0.014588,0.008856,0.245,1/1,s,
carta_075_frente_png.rf.oarglF0vdkYHYiLsiRp1,13,0.63757,0.259896,0.017965,0.011582,0.244,1/1,s,
carta_075_frente_png.rf.oarglF0vdkYHYiLsiRp1,14,0.642159,0.756076,0.043576,0.017113,0.228,1/1,s,
carta_075_frente_png.rf.oarglF0vdkYHYiLsiRp1,15,0.95178,0.781778,0.015868,0.017506,0.228,2/1,s,
carta_075_frente_png.rf.oarglF0vdkYHYiLsiRp1,16,0.08361,0.619735,0.015704,0.013687,0.222,2/1,s,
carta_075_frente_png.rf.oarglF0vdkYHYiLsiRp1,17,0.282764,0.109255,0.010965,0.006945,0.206,1/1,s,
carta_075_frente_png.rf.oarglF0vdkYHYiLsiRp1,18,0.600592,0.983896,0.023822,0.01533,0.204,1/1,n,motivo:fora
carta_075_frente_png.rf.oarglF0vdkYHYiLsiRp1,19,0.054733,0.593337,0.02319,0.01921,0.181,1/1,s,
carta_075_frente_png.rf.oarglF0vdkYHYiLsiRp1,20,0.80179,0.950327,0.020586,0.014434,0.175,1/1,s,
carta_075_frente_png.rf.oarglF0vdkYHYiLsiRp1,21,0.279454,0.859272,0.029138,0.011605,0.165,1/1,n,
carta_075_frente_png.rf.oarglF0vdkYHYiLsiRp1,22,0.056661,0.608201,0.040249,0.054802,0.165,2/1,s,
carta_075_frente_png.rf.oarglF0vdkYHYiLsiRp1,23,0.447327,0.94587,0.01517,0.01112,0.162,1/1,s,
carta_075_frente_png.rf.oarglF0vdkYHYiLsiRp1,24,0.897484,0.962633,0.021583,0.01478,0.119,1/1,s,
carta_075_frente_png.rf.oarglF0vdkYHYiLsiRp1,25,0.956659,0.79126,0.02266,0.040635,0.107,1/1,s,
carta_075_verso_png.rf.fotz0bSWgjR9LfOixu0z,1,0.206822,0.210187,0.016476,0.011478,0.646,2/1,s,
carta_075_verso_png.rf.fotz0bSWgjR9LfOixu0z,2,0.520018,0.446144,0.051263,0.022819,0.452,2/1,s,
carta_075_verso_png.rf.fotz0bSWgjR9LfOixu0z,3,0.410118,0.178242,0.014746,0.009679,0.445,1/1,s,
carta_075_verso_png.rf.fotz0bSWgjR9LfOixu0z,4,0.199684,0.17021,0.019188,0.012648,0.372,2/1,s,
carta_075_verso_png.rf.fotz0bSWgjR9LfOixu0z,5,0.583007,0.826997,0.01513,0.01177,0.357,2/1,s,
carta_075_verso_png.rf.fotz0bSWgjR9LfOixu0z,6,0.104293,0.89993,0.018759,0.013612,0.332,2/1,s,
carta_075_verso_png.rf.fotz0bSWgjR9LfOixu0z,7,0.935299,0.29939,0.056383,0.023401,0.297,2/1,s,
carta_075_verso_png.rf.fotz0bSWgjR9LfOixu0z,8,0.598504,0.457169,0.043533,0.023627,0.264,1/1,s,
carta_075_verso_png.rf.fotz0bSWgjR9LfOixu0z,9,0.103687,0.744126,0.022914,0.016645,0.254,1/1,s,
carta_075_verso_png.rf.fotz0bSWgjR9LfOixu0z,10,0.741181,0.631908,0.027858,0.020221,0.234,2/1,s,
carta_075_verso_png.rf.fotz0bSWgjR9LfOixu0z,11,0.819408,0.889583,0.020028,0.014908,0.228,1/1,s,
carta_075_verso_png.rf.fotz0bSWgjR9LfOixu0z,12,0.328342,0.670269,0.047281,0.035438,0.214,2/1,s,
carta_075_verso_png.rf.fotz0bSWgjR9LfOixu0z,13,0.288356,0.947815,0.031763,0.022034,0.208,2/1,s,
carta_075_verso_png.rf.fotz0bSWgjR9LfOixu0z,14,0.493586,0.54525,0.024669,0.016716,0.204,1/1,s,
carta_075_verso_png.rf.fotz0bSWgjR9LfOixu0z,15,0.398317,0.293289,0.021344,0.014485,0.203,1/1,s,
carta_075_verso_png.rf.fotz0bSWgjR9LfOixu0z,16,0.583224,0.618828,0.023128,0.014706,0.196,1/1,s,
carta_075_verso_png.rf.fotz0bSWgjR9LfOixu0z,17,0.237477,0.090253,0.023597,0.017664,0.191,2/1,s,
carta_075_verso_png.rf.fotz0bSWgjR9LfOixu0z,18,0.710579,0.240787,0.014395,0.008815,0.19,1/1,s,
carta_075_verso_png.rf.fotz0bSWgjR9LfOixu0z,19,0.100296,0.828946,0.028673,0.028987,0.189,2/1,s,
carta_075_verso_png.rf.fotz0bSWgjR9LfOixu0z,20,0.317061,0.491347,0.013894,0.008716,0.183,1/1,s,
carta_075_verso_png.rf.fotz0bSWgjR9LfOixu0z,21,0.548963,0.57616,0.026163,0.029415,0.177,1/1,s,
carta_075_verso_png.rf.fotz0bSWgjR9LfOixu0z,22,0.098328,0.792125,0.020241,0.01471,0.157,1/1,s,
carta_075_verso_png.rf.fotz0bSWgjR9LfOixu0z,23,0.062521,0.475202,0.047442,0.041109,0.148,2/1,s,
carta_075_verso_png.rf.fotz0bSWgjR9LfOixu0z,24,0.178601,0.871468,0.039177,0.043997,0.142,1/1,s,
carta_075_verso_png.rf.fotz0bSWgjR9LfOixu0z,25,0.105663,0.14539,0.02034,0.012477,0.139,1/1,s,
carta_075_verso_png.rf.fotz0bSWgjR9LfOixu0z,26,0.89053,0.406307,0.031707,0.029324,0.138,2/1,s,
carta_075_verso_png.rf.fotz0bSWgjR9LfOixu0z,27,0.627015,0.949443,0.040684,0.034613,0.134,1/1,s,
carta_075_verso_png.rf.fotz0bSWgjR9LfOixu0z,28,0.1391,0.946735,0.027772,0.021241,0.129,1/1,s,
carta_075_verso_png.rf.fotz0bSWgjR9LfOixu0z,29,0.185192,0.884388,0.026304,0.01677,0.113,1/1,n,motivo:aninhada
carta_075_verso_png.rf.fotz0bSWgjR9LfOixu0z,30,0.81054,0.994619,0.014716,0.010126,0.113,1/1,n,motivo:fora
carta_076_frente_png.rf.FF0DALXiIFM1AKVK3yes,1,0.042955,0.606153,0.030029,0.043552,0.537,3/1,s,
carta_076_frente_png.rf.FF0DALXiIFM1AKVK3yes,2,0.942021,0.084186,0.033693,0.03238,0.51,2/1,s,
carta_076_frente_png.rf.FF0DALXiIFM1AKVK3yes,3,0.949097,0.901736,0.035325,0.023807,0.424,2/1,s,
carta_076_frente_png.rf.FF0DALXiIFM1AKVK3yes,4,0.134767,0.948327,0.029949,0.01571,0.317,2/1,s,
carta_076_frente_png.rf.FF0DALXiIFM1AKVK3yes,5,0.691459,0.7894,0.017679,0.011111,0.289,1/1,s,
carta_076_frente_png.rf.FF0DALXiIFM1AKVK3yes,6,0.190829,0.672257,0.023238,0.013828,0.253,1/1,s,
carta_076_frente_png.rf.FF0DALXiIFM1AKVK3yes,7,0.524028,0.716144,0.011548,0.007453,0.251,1/1,s,
carta_076_frente_png.rf.FF0DALXiIFM1AKVK3yes,8,0.07097,0.446251,0.02391,0.019197,0.24,2/1,s,
carta_076_frente_png.rf.FF0DALXiIFM1AKVK3yes,9,0.043958,0.784523,0.019699,0.019294,0.219,2/1,s,
carta_076_frente_png.rf.FF0DALXiIFM1AKVK3yes,10,0.370183,0.032851,0.029275,0.013807,0.177,2/1,s,
carta_076_frente_png.rf.FF0DALXiIFM1AKVK3yes,11,0.200606,0.040051,0.066408,0.031201,0.174,2/1,s,
carta_076_frente_png.rf.FF0DALXiIFM1AKVK3yes,12,0.069621,0.079937,0.04326,0.046824,0.172,3/1,n,
carta_076_frente_png.rf.FF0DALXiIFM1AKVK3yes,13,0.090185,0.946331,0.019319,0.014194,0.123,1/1,s,
carta_076_frente_png.rf.FF0DALXiIFM1AKVK3yes,14,0.582826,0.120665,0.014736,0.009835,0.122,1/1,s,
carta_076_frente_png.rf.FF0DALXiIFM1AKVK3yes,15,0.17882,0.186519,0.042231,0.052218,0.117,1/1,s,
carta_076_frente_png.rf.FF0DALXiIFM1AKVK3yes,16,0.516116,0.217736,0.025215,0.018824,0.105,1/1,s,
carta_076_verso_png.rf.17YF6XENir9SZBpZth8y,1,0.529404,0.945158,0.0175,0.010924,0.7,2/1,s,
carta_076_verso_png.rf.17YF6XENir9SZBpZth8y,2,0.101171,0.585092,0.020537,0.015395,0.659,2/1,s,
carta_076_verso_png.rf.17YF6XENir9SZBpZth8y,3,0.223128,0.225953,0.013535,0.00947,0.561,2/1,s,
carta_076_verso_png.rf.17YF6XENir9SZBpZth8y,4,0.18775,0.734843,0.017767,0.014272,0.545,2/1,s,
carta_076_verso_png.rf.17YF6XENir9SZBpZth8y,5,0.390634,0.242765,0.027138,0.026282,0.531,1/1,s,
carta_076_verso_png.rf.17YF6XENir9SZBpZth8y,6,0.810537,0.786719,0.016525,0.012702,0.531,1/1,s,
carta_076_verso_png.rf.17YF6XENir9SZBpZth8y,7,0.29358,0.85821,0.032925,0.02026,0.525,1/1,s,
carta_076_verso_png.rf.17YF6XENir9SZBpZth8y,8,0.622086,0.831173,0.014294,0.011456,0.509,1/1,s,
carta_076_verso_png.rf.17YF6XENir9SZBpZth8y,9,0.501273,0.207452,0.012428,0.008173,0.457,1/1,s,
carta_076_verso_png.rf.17YF6XENir9SZBpZth8y,10,0.133806,0.540656,0.034182,0.016627,0.367,1/1,s,
carta_076_verso_png.rf.17YF6XENir9SZBpZth8y,11,0.479192,0.124657,0.027956,0.018977,0.361,1/1,s,
carta_076_verso_png.rf.17YF6XENir9SZBpZth8y,12,0.124445,0.324935,0.026133,0.022008,0.31,1/1,s,
carta_076_verso_png.rf.17YF6XENir9SZBpZth8y,13,0.185803,0.157467,0.016144,0.010524,0.281,2/1,s,
carta_076_verso_png.rf.17YF6XENir9SZBpZth8y,14,0.544071,0.40334,0.012134,0.009247,0.281,1/1,s,
carta_076_verso_png.rf.17YF6XENir9SZBpZth8y,15,0.162993,0.793166,0.016795,0.013227,0.281,1/1,n,
carta_076_verso_png.rf.17YF6XENir9SZBpZth8y,16,0.173986,0.75557,0.019057,0.014669,0.277,2/1,s,
carta_076_verso_png.rf.17YF6XENir9SZBpZth8y,17,0.421198,0.110351,0.035153,0.023833,0.26,2/1,s,
carta_076_verso_png.rf.17YF6XENir9SZBpZth8y,18,0.571,0.743813,0.021148,0.017124,0.251,1/1,s,
carta_076_verso_png.rf.17YF6XENir9SZBpZth8y,19,0.246529,0.780808,0.015313,0.011949,0.238,1/1,s,
carta_076_verso_png.rf.17YF6XENir9SZBpZth8y,20,0.321696,0.59575,0.107204,0.065791,0.226,2/1,n,
carta_076_verso_png.rf.17YF6XENir9SZBpZth8y,21,0.669557,0.953597,0.019802,0.011712,0.213,1/1,s,
carta_076_verso_png.rf.17YF6XENir9SZBpZth8y,22,0.62473,0.332063,0.060325,0.039577,0.211,2/1,n,
carta_076_verso_png.rf.17YF6XENir9SZBpZth8y,23,0.447575,0.263739,0.037627,0.019931,0.198,1/1,s,
carta_076_verso_png.rf.17YF6XENir9SZBpZth8y,24,0.825166,0.239438,0.013528,0.009874,0.184,1/1,s,
carta_076_verso_png.rf.17YF6XENir9SZBpZth8y,25,0.471078,0.323786,0.020608,0.012625,0.18,1/1,s,
carta_076_verso_png.rf.17YF6XENir9SZBpZth8y,26,0.480833,0.132974,0.041448,0.045452,0.176,1/1,s,
carta_076_verso_png.rf.17YF6XENir9SZBpZth8y,27,0.411927,0.90407,0.023408,0.014186,0.168,1/1,s,
carta_076_verso_png.rf.17YF6XENir9SZBpZth8y,28,0.903577,0.648958,0.027134,0.029469,0.148,1/1,s,
carta_076_verso_png.rf.17YF6XENir9SZBpZth8y,29,0.346054,0.440699,0.009926,0.007751,0.147,1/1,s,
carta_076_verso_png.rf.17YF6XENir9SZBpZth8y,30,0.736898,0.576782,0.039782,0.027154,0.138,1/1,s,
carta_076_verso_png.rf.17YF6XENir9SZBpZth8y,31,0.181697,0.745941,0.038742,0.043415,0.131,1/1,s,
carta_076_verso_png.rf.17YF6XENir9SZBpZth8y,32,0.362416,0.787504,0.013861,0.00999,0.121,1/1,s,
carta_076_verso_png.rf.17YF6XENir9SZBpZth8y,33,0.621287,0.332747,0.023311,0.023382,0.115,1/1,s,
carta_076_verso_png.rf.17YF6XENir9SZBpZth8y,34,0.74937,0.540258,0.095861,0.105129,0.104,1/1,n,
carta_076_verso_png.rf.17YF6XENir9SZBpZth8y,35,0.16171,0.78888,0.025714,0.023744,0.101,1/1,n,
carta_076_verso_png.rf.17YF6XENir9SZBpZth8y,36,0.372664,0.107805,0.013544,0.009161,0.101,1/1,s,
carta_077_frente_png.rf.vS6p76TsZNGQIItgE0nA,1,0.105794,0.3087,0.019886,0.014581,0.133,1/1,s,
carta_077_frente_png.rf.vS6p76TsZNGQIItgE0nA,2,0.578034,0.326667,0.009249,0.006382,0.125,1/1,s,
carta_077_verso_png.rf.UxjEokaBMHhXmReXOsdx,1,0.663246,0.596824,0.016751,0.012482,0.784,2/1,s,
carta_077_verso_png.rf.UxjEokaBMHhXmReXOsdx,2,0.112352,0.269786,0.019211,0.013063,0.479,1/1,s,
carta_077_verso_png.rf.UxjEokaBMHhXmReXOsdx,3,0.733161,0.409252,0.018815,0.013037,0.3,2/1,s,
carta_077_verso_png.rf.UxjEokaBMHhXmReXOsdx,4,0.179996,0.484199,0.021236,0.014007,0.261,1/1,s,
carta_077_verso_png.rf.UxjEokaBMHhXmReXOsdx,5,0.178634,0.741272,0.014318,0.010365,0.236,1/1,s,
carta_077_verso_png.rf.UxjEokaBMHhXmReXOsdx,6,0.532459,0.597703,0.017576,0.012636,0.209,1/1,s,
carta_077_verso_png.rf.UxjEokaBMHhXmReXOsdx,7,0.684094,0.47764,0.014309,0.009655,0.207,1/1,s,
carta_077_verso_png.rf.UxjEokaBMHhXmReXOsdx,8,0.73237,0.490312,0.010481,0.007882,0.195,1/1,s,
carta_077_verso_png.rf.UxjEokaBMHhXmReXOsdx,9,0.179714,0.742561,0.0242,0.017018,0.168,1/1,n,
carta_077_verso_png.rf.UxjEokaBMHhXmReXOsdx,10,0.153989,0.616137,0.017867,0.012626,0.167,1/1,s,
carta_077_verso_png.rf.UxjEokaBMHhXmReXOsdx,11,0.71009,0.898114,0.015338,0.01004,0.124,1/1,s,
carta_077_verso_png.rf.UxjEokaBMHhXmReXOsdx,12,0.655874,0.529531,0.015109,0.009309,0.117,1/1,s,
carta_077_verso_png.rf.UxjEokaBMHhXmReXOsdx,13,0.399624,0.775327,0.013153,0.011331,0.113,1/1,s,
carta_078_frente_png.rf.GeU5VSm0TlOSeZx088fy,1,0.484241,0.162789,0.012775,0.010333,0.127,1/1,n,motivo:arte
carta_078_verso_png.rf.yd5ofMR9gfwUbbqmmebt,1,0.903957,0.021014,0.028699,0.012924,0.242,1/1,n,motivo:fora
carta_078_verso_png.rf.yd5ofMR9gfwUbbqmmebt,2,0.971283,0.02893,0.042536,0.022098,0.132,1/1,n,motivo:fora
carta_079_frente_png.rf.Qq9QWTA2EbQr2mI7F29f,1,0.937991,0.010611,0.022503,0.01618,0.416,1/1,n,motivo:fora
carta_079_verso_png.rf.m82qwWTGo6PAekuWwqe9,1,0.539792,0.504654,0.019689,0.014262,0.653,2/1,s,
carta_079_verso_png.rf.m82qwWTGo6PAekuWwqe9,2,0.798841,0.519644,0.019541,0.014149,0.16,1/1,s,
carta_080_frente_png.rf.CZm4BN8mnX9prGXO2sAo,1,0.236411,0.883369,0.027867,0.024339,0.23,1/1,n,motivo:arte
carta_080_frente_png.rf.CZm4BN8mnX9prGXO2sAo,2,0.289518,0.13956,0.014316,0.009176,0.16,1/1,n,motivo:arte
carta_080_frente_png.rf.CZm4BN8mnX9prGXO2sAo,3,0.759614,0.270932,0.022245,0.025732,0.16,1/1,n,motivo:arte
carta_080_frente_png.rf.CZm4BN8mnX9prGXO2sAo,4,0.11134,0.210308,0.075962,0.038972,0.131,1/1,n,motivo:arte
carta_080_verso_png.rf.o3N8ltvmg2866vZ2jvsv,1,0.546671,0.810509,0.025147,0.018298,0.109,1/1,n,motivo:nada
carta_081_frente_png.rf.G5B8a3dhwG0CcrQ3L10d,1,0.832722,0.991192,0.025592,0.013826,0.469,1/1,n,motivo:fora
carta_081_frente_png.rf.G5B8a3dhwG0CcrQ3L10d,2,0.97632,0.935548,0.0151,0.012611,0.235,1/1,n,motivo:fora
carta_081_frente_png.rf.G5B8a3dhwG0CcrQ3L10d,3,0.990666,0.991524,0.018668,0.014707,0.102,1/1,n,motivo:fora
carta_081_verso_png.rf.A7i7kjy381DLmCa2IYuZ,1,0.987321,0.957602,0.025357,0.019043,0.16,1/1,n,motivo:fora
carta_082_frente_png.rf.Srft8ULTXRMND1eI67R3,1,0.574966,0.351699,0.042,0.019339,0.427,1/1,n,motivo:arte
carta_082_frente_png.rf.Srft8ULTXRMND1eI67R3,2,0.088347,0.681388,0.037189,0.017598,0.212,1/1,s,
carta_082_verso_png.rf.2Kt25co5SN9BkQ4gfg9n,1,0.276689,0.503202,0.010703,0.008703,0.223,1/1,s,
carta_082_verso_png.rf.2Kt25co5SN9BkQ4gfg9n,2,0.708222,0.601273,0.013362,0.009218,0.206,1/1,s,
carta_082_verso_png.rf.2Kt25co5SN9BkQ4gfg9n,3,0.424552,0.242613,0.012127,0.009956,0.115,1/1,n,motivo:nada
carta_082_verso_png.rf.2Kt25co5SN9BkQ4gfg9n,4,0.707708,0.950725,0.022827,0.012473,0.105,1/1,n,motivo:nada
carta_083_verso_png.rf.dCl9IDfgFTnwwDHBYuCG,1,0.118381,0.547494,0.020488,0.013031,0.177,3/5,s,
carta_083_verso_png.rf.dCl9IDfgFTnwwDHBYuCG,2,0.475392,0.447838,0.012593,0.009831,0.137,3/5,s,
carta_084_frente_png.rf.X49ZQUlsYoYnhdOJUqQQ,1,0.47735,0.701963,0.017958,0.010704,0.304,4/5,s,
carta_084_frente_png.rf.X49ZQUlsYoYnhdOJUqQQ,2,0.36959,0.981099,0.023652,0.013503,0.209,6/5,n,motivo:fora
carta_084_frente_png.rf.X49ZQUlsYoYnhdOJUqQQ,3,0.50946,0.503831,0.014743,0.011492,0.134,4/5,n,motivo:arte
carta_084_frente_png.rf.X49ZQUlsYoYnhdOJUqQQ,4,0.558833,0.150863,0.02243,0.01458,0.128,2/5,n,motivo:arte
carta_085_frente_png.rf.v4pioPFr3rRyatliKvHW,1,0.114096,0.184728,0.01956,0.012163,0.192,5/5,n,motivo:arte
carta_085_frente_png.rf.v4pioPFr3rRyatliKvHW,2,0.496967,0.219185,0.018977,0.011808,0.164,6/5,n,motivo:arte
carta_085_frente_png.rf.v4pioPFr3rRyatliKvHW,3,0.478828,0.060962,0.018187,0.010938,0.113,3/5,n,motivo:arte
carta_086_frente_png.rf.NYm1ashn2yS5GDac8t9n,1,0.062585,0.955997,0.062947,0.040115,0.151,4/5,n,motivo:nada
carta_086_verso_png.rf.rj6gsG63I7ki2z8zHzXN,1,0.454979,0.014298,0.026043,0.014865,0.151,3/5,n,motivo:fora
carta_086_verso_png.rf.rj6gsG63I7ki2z8zHzXN,2,0.936087,0.041509,0.059199,0.048128,0.137,3/5,s,
carta_086_verso_png.rf.rj6gsG63I7ki2z8zHzXN,3,0.036054,0.218035,0.010612,0.031437,0.132,3/5,s,
carta_086_verso_png.rf.rj6gsG63I7ki2z8zHzXN,4,0.390603,0.231992,0.013547,0.010884,0.12,3/5,s,
carta_086_verso_png.rf.rj6gsG63I7ki2z8zHzXN,5,0.144005,0.030566,0.017037,0.010118,0.111,4/5,n,motivo:nada
carta_086_verso_png.rf.rj6gsG63I7ki2z8zHzXN,6,0.579384,0.027826,0.019335,0.010035,0.109,4/5,s,
carta_087_verso_png.rf.aRXxhWfRbXR1yjVWz2wD,1,0.733993,0.987047,0.016858,0.011156,0.401,6/5,n,motivo:fora
carta_087_verso_png.rf.aRXxhWfRbXR1yjVWz2wD,2,0.936766,0.040787,0.069607,0.047596,0.145,2/5,n,motivo:nada
carta_088_verso_png.rf.fp1SrEg3FfKPemsjO1wa,1,0.278301,0.397099,0.017065,0.01133,0.293,6/5,s,
carta_089_frente_png.rf.g1TFGJ3LXbFu5awXzFhE,1,0.238718,0.994136,0.017603,0.010865,0.229,5/5,n,motivo:fora
carta_089_frente_png.rf.g1TFGJ3LXbFu5awXzFhE,2,0.042325,0.430206,0.014534,0.011165,0.153,5/5,s,
carta_089_verso_png.rf.9tG3pEwvp58Jezl3RdyI,1,0.657484,0.949154,0.018764,0.010937,0.2,4/5,s,
carta_089_verso_png.rf.9tG3pEwvp58Jezl3RdyI,2,0.693547,0.965574,0.030999,0.011662,0.109,3/5,s,
carta_089_verso_png.rf.9tG3pEwvp58Jezl3RdyI,3,0.958772,0.279286,0.01569,0.013274,0.107,3/5,s,
carta_090_frente_png.rf.3rT26fCBeqgBbSlDYRx8,1,0.611937,0.251729,0.01186,0.008249,0.232,5/5,s,
carta_090_verso_png.rf.nNRQDQatxqAyNRqQzflf,1,0.518714,0.206681,0.014369,0.009009,0.126,2/5,s,
carta_091_frente_png.rf.Jld8yoyMpO9P34ZuGaK5,1,0.039151,0.53953,0.013888,0.012326,0.141,4/5,s,
carta_091_frente_png.rf.Jld8yoyMpO9P34ZuGaK5,2,0.388553,0.471398,0.014218,0.009675,0.103,2/5,s,
carta_092_frente_png.rf.FlnffTt2bKqufk88g4OC,1,0.076185,0.522495,0.013399,0.010562,0.245,6/5,s,
carta_092_frente_png.rf.FlnffTt2bKqufk88g4OC,2,0.053935,0.959085,0.051738,0.032544,0.178,3/5,s,
carta_092_frente_png.rf.FlnffTt2bKqufk88g4OC,3,0.091113,0.563312,0.025141,0.015407,0.137,4/5,s,
carta_093_frente_png.rf.Pa5P2u9Rm9FQTp6YXsar,1,0.139759,0.104204,0.01544,0.01044,0.177,5/5,s,
carta_093_frente_png.rf.Pa5P2u9Rm9FQTp6YXsar,2,0.054924,0.956798,0.056041,0.037559,0.127,3/5,n,motivo:nada
carta_093_frente_png.rf.Pa5P2u9Rm9FQTp6YXsar,3,0.153661,0.374211,0.012806,0.009352,0.122,3/5,s,
carta_093_frente_png.rf.Pa5P2u9Rm9FQTp6YXsar,4,0.303576,0.425475,0.010954,0.007884,0.115,3/5,s,
carta_093_frente_png.rf.Pa5P2u9Rm9FQTp6YXsar,5,0.042917,0.35447,0.015654,0.011651,0.107,4/5,s,
carta_093_verso_png.rf.mnunjvDrOMgeNfgQTfAj,1,0.739821,0.950278,0.018107,0.011882,0.185,5/5,s,
carta_093_verso_png.rf.mnunjvDrOMgeNfgQTfAj,2,0.689072,0.957345,0.016393,0.010675,0.179,5/5,s,
carta_093_verso_png.rf.mnunjvDrOMgeNfgQTfAj,3,0.415119,0.947314,0.016666,0.010193,0.142,3/5,s,
carta_093_verso_png.rf.mnunjvDrOMgeNfgQTfAj,4,0.569009,0.989149,0.018548,0.011426,0.103,3/5,n,motivo:fora
carta_094_frente_png.rf.6JdIuy41w7eIEv2rFyca,1,0.708066,0.454137,0.019965,0.014469,0.128,3/5,n,motivo:arte
carta_094_frente_png.rf.6JdIuy41w7eIEv2rFyca,2,0.611347,0.425266,0.01294,0.008943,0.117,2/5,n,motivo:arte
carta_094_verso_png.rf.LuWMF9GcRtRntOaeNfIs,1,0.610962,0.944928,0.016096,0.010272,0.184,4/5,s,
carta_094_verso_png.rf.LuWMF9GcRtRntOaeNfIs,2,0.526705,0.962167,0.015288,0.010485,0.149,5/5,s,
carta_094_verso_png.rf.LuWMF9GcRtRntOaeNfIs,3,0.955739,0.558246,0.014041,0.009983,0.131,4/5,s,
carta_094_verso_png.rf.LuWMF9GcRtRntOaeNfIs,4,0.038944,0.307054,0.013123,0.010353,0.117,3/5,s,
carta_095_frente_png.rf.dipczax1HMTa38ollK3J,1,0.609088,0.429797,0.012311,0.008812,0.165,5/5,s,motivo:arte
carta_095_verso_png.rf.MllU36pr5vRtMM1wf9BX,1,0.990498,0.884792,0.018794,0.013865,0.138,4/5,n,motivo:fora
carta_095_verso_png.rf.MllU36pr5vRtMM1wf9BX,2,0.073011,0.317033,0.011065,0.010585,0.126,5/5,s,
carta_095_verso_png.rf.MllU36pr5vRtMM1wf9BX,3,0.540534,0.031352,0.016844,0.009154,0.122,4/5,s,
carta_096_verso_png.rf.xU2qC0Yca2Dg3ToZVBdq,1,0.952864,0.993035,0.018314,0.011878,0.227,6/5,n,motivo:fora
carta_096_verso_png.rf.xU2qC0Yca2Dg3ToZVBdq,2,0.941602,0.320876,0.016774,0.01313,0.111,4/5,s,
carta_097_frente_png.rf.RIulGig605t1kTsMra27,1,0.075264,0.042502,0.085286,0.057326,0.201,5/5,n,motivo:nada
carta_097_frente_png.rf.RIulGig605t1kTsMra27,2,0.919521,0.954284,0.100439,0.061458,0.196,5/5,n,motivo:nada
carta_097_frente_png.rf.RIulGig605t1kTsMra27,3,0.941338,0.870428,0.020533,0.019287,0.164,6/5,n,motivo:arte
carta_097_frente_png.rf.RIulGig605t1kTsMra27,4,0.082387,0.950652,0.087171,0.058069,0.154,6/5,n,motivo:arte
carta_097_frente_png.rf.RIulGig605t1kTsMra27,5,0.925180,0.050205,0.081018,0.058654,0.14,4/5,n,motivo:arte
carta_097_verso_png.rf.MPKfv05KgFiKok8tPRuL,1,0.071067,0.697113,0.015477,0.011858,0.189,5/5,s,
carta_098_frente_png.rf.AobktY5ockHEIt79rAzf,1,0.161842,0.484657,0.01571,0.012254,0.134,5/5,n,motivo:arte
carta_098_frente_png.rf.AobktY5ockHEIt79rAzf,2,0.174006,0.525462,0.03446,0.0218,0.121,2/5,n,motivo:arte
carta_098_frente_png.rf.AobktY5ockHEIt79rAzf,3,0.865586,0.205509,0.01692,0.011697,0.116,4/5,n,motivo:arte
carta_098_verso_png.rf.8jsxCLho994Phz6kKebq,1,0.446236,0.523615,0.019086,0.012803,0.397,7/5,s,
carta_098_verso_png.rf.8jsxCLho994Phz6kKebq,2,0.691096,0.986005,0.017039,0.010916,0.292,6/5,n,motivo:fora
carta_098_verso_png.rf.8jsxCLho994Phz6kKebq,3,0.975281,0.292614,0.013048,0.011346,0.149,4/5,n,motivo:fora
carta_099_frente_png.rf.kVi9AGRbgHx9eN6PXND6,1,0.820003,0.992237,0.022815,0.01407,0.2,5/5,n,motivo:fora
carta_099_frente_png.rf.kVi9AGRbgHx9eN6PXND6,2,0.336448,0.005998,0.017437,0.010368,0.192,5/5,n,motivo:fora
carta_099_verso_png.rf.3MxAollkotDjFyU4v2Me,1,0.940138,0.792508,0.0156,0.012758,0.236,6/5,s,
carta_099_verso_png.rf.3MxAollkotDjFyU4v2Me,2,0.442259,0.730106,0.018959,0.014806,0.165,4/5,s,
carta_099_verso_png.rf.3MxAollkotDjFyU4v2Me,3,0.066084,0.013211,0.017627,0.012598,0.152,3/5,n,motivo:fora
carta_100_verso_png.rf.tFyOSG0NrULTLvi1StiM,1,0.614303,0.519368,0.020636,0.014777,0.254,6/5,s,
carta_100_verso_png.rf.tFyOSG0NrULTLvi1StiM,2,0.678041,0.647125,0.015263,0.010921,0.101,5/5,s,
carta_101_verso_png.rf.rdsa9bem2eTGb55M0E0M,1,0.202062,0.193839,0.016411,0.01229,0.211,7/5,s,
carta_101_verso_png.rf.rdsa9bem2eTGb55M0E0M,2,0.356729,0.008145,0.024241,0.012865,0.186,4/5,n,motivo:fora
carta_102_frente_png.rf.juqYwxuIfF1zwJOHkS3A,1,0.576993,0.011703,0.023397,0.015652,0.359,7/5,n,motivo:fora
carta_102_verso_png.rf.oq4DmN8RdqAsYGvvCSmZ,1,0.035699,0.020281,0.015553,0.010948,0.175,6/5,s,motivo:fora
carta_103_frente_png.rf.e76zDrBn6TkUYPHIQGdP,1,0.060313,0.86029,0.015878,0.013127,0.227,6/5,s,motivo:arte
carta_103_frente_png.rf.e76zDrBn6TkUYPHIQGdP,2,0.956621,0.901113,0.016177,0.011963,0.151,3/5,s,
carta_103_frente_png.rf.e76zDrBn6TkUYPHIQGdP,3,0.503234,0.285569,0.017117,0.011276,0.139,4/5,n,motivo:arte
carta_103_frente_png.rf.e76zDrBn6TkUYPHIQGdP,4,0.861805,0.486087,0.010465,0.006997,0.102,2/5,s,motivo:arte
carta_103_verso_png.rf.cp8NMIitQnlgUcEaf5MB,1,0.552821,0.990014,0.017287,0.011053,0.207,4/5,n,motivo:fora
carta_104_frente_png.rf.XVloL2qLAMcUrVvcTfIF,1,0.148275,0.15764,0.015576,0.011253,0.476,8/5,n,motivo:arte
carta_104_verso_png.rf.G2tvd6DYvl2FQGusie7g,1,0.489387,0.522665,0.018054,0.012215,0.195,6/5,n,motivo:nada
carta_104_verso_png.rf.G2tvd6DYvl2FQGusie7g,2,0.944704,0.174268,0.023383,0.019636,0.107,3/5,n,motivo:nada
carta_105_frente_png.rf.YB3IZFqUBiWoRiaLyWY2,1,0.649625,0.585656,0.015897,0.010658,0.128,5/5,s,
carta_105_verso_png.rf.t1ujGURIuNZEUd04ywmb,1,0.948527,0.020105,0.034173,0.021968,0.394,8/5,n,motivo:fora
carta_105_verso_png.rf.t1ujGURIuNZEUd04ywmb,2,0.036703,0.109928,0.013196,0.010447,0.197,5/5,s,
carta_105_verso_png.rf.t1ujGURIuNZEUd04ywmb,3,0.945844,0.153231,0.016689,0.024038,0.186,5/5,s,
carta_105_verso_png.rf.t1ujGURIuNZEUd04ywmb,4,0.092133,0.202085,0.021343,0.013182,0.159,5/5,s,
carta_105_verso_png.rf.t1ujGURIuNZEUd04ywmb,5,0.946217,0.02843,0.053759,0.047061,0.154,6/5,n,motivo:fora
carta_105_verso_png.rf.t1ujGURIuNZEUd04ywmb,6,0.223764,0.028258,0.017949,0.009781,0.114,4/5,s,
carta_107_frente_png.rf.ZlqCrspGoDsdpTa8piOT,1,0.021946,0.030288,0.014393,0.011343,0.106,2/5,n,motivo:fora
carta_107_verso_png.rf.df7BuiVlTpJNiPadfUgn,1,0.027882,0.86738,0.010926,0.011314,0.196,5/5,n,motivo:fora
carta_108_frente_png.rf.wYH7AdYjdDdRdRm9dC8v,1,0.944962,0.039506,0.064267,0.047075,0.207,5/5,n,motivo:nada
carta_108_frente_png.rf.wYH7AdYjdDdRdRm9dC8v,2,0.73146,0.937918,0.133685,0.05971,0.153,5/5,n,motivo:arte
carta_108_frente_png.rf.wYH7AdYjdDdRdRm9dC8v,3,0.571964,0.9361,0.122254,0.056714,0.127,6/5,n,motivo:arte
carta_108_frente_png.rf.wYH7AdYjdDdRdRm9dC8v,4,0.805778,0.938555,0.122419,0.060002,0.127,6/5,n,motivo:arte
carta_108_frente_png.rf.wYH7AdYjdDdRdRm9dC8v,5,0.643674,0.118057,0.019474,0.013899,0.101,4/5,s,
carta_108_verso_png.rf.XxkhvFyj6rMHSfMneSbx,1,0.676804,0.548927,0.016335,0.012072,0.374,8/5,s,
carta_108_verso_png.rf.XxkhvFyj6rMHSfMneSbx,2,0.335458,0.363684,0.018226,0.01283,0.321,5/5,s,
carta_108_verso_png.rf.XxkhvFyj6rMHSfMneSbx,3,0.736363,0.416705,0.016262,0.010761,0.252,5/5,s,
carta_108_verso_png.rf.XxkhvFyj6rMHSfMneSbx,4,0.611816,0.465839,0.016697,0.010432,0.243,6/5,s,
carta_108_verso_png.rf.XxkhvFyj6rMHSfMneSbx,5,0.899788,0.104243,0.046155,0.024983,0.187,6/5,n,
carta_108_verso_png.rf.XxkhvFyj6rMHSfMneSbx,6,0.568064,0.452585,0.016521,0.011127,0.18,5/5,s,
carta_108_verso_png.rf.XxkhvFyj6rMHSfMneSbx,7,0.279507,0.546295,0.01684,0.012165,0.175,5/5,s,
carta_108_verso_png.rf.XxkhvFyj6rMHSfMneSbx,8,0.890557,0.105959,0.023838,0.017025,0.168,4/5,s,
carta_109_frente_png.rf.M5S1De5qk66nO8Ai3SN9,1,0.843605,0.987526,0.019426,0.011207,0.127,3/5,n,motivo:fora
carta_109_verso_png.rf.rATFdKbIByjOH6oMXOL3,1,0.555935,0.008654,0.018853,0.011609,0.201,5/5,n,motivo:fora
carta_109_verso_png.rf.rATFdKbIByjOH6oMXOL3,2,0.496933,0.029245,0.020272,0.011901,0.119,3/5,s,
carta_109_verso_png.rf.rATFdKbIByjOH6oMXOL3,3,0.304279,0.69005,0.016788,0.011172,0.106,3/5,s,
carta_109_verso_png.rf.rATFdKbIByjOH6oMXOL3,4,0.440138,0.416281,0.010086,0.007094,0.105,2/5,s,
carta_110_frente_png.rf.GeIxKjkhZfDqRoQGJ0a9,1,0.229469,0.204705,0.01279,0.00855,0.217,4/5,s,
carta_110_frente_png.rf.GeIxKjkhZfDqRoQGJ0a9,2,0.809361,0.112379,0.016116,0.010653,0.205,5/5,s,
carta_110_frente_png.rf.GeIxKjkhZfDqRoQGJ0a9,3,0.381369,0.191349,0.014007,0.009553,0.131,3/5,s,
carta_110_verso_png.rf.fzyN3bI0uaxRqo8NVukG,1,0.39359,0.028377,0.016437,0.009558,0.235,4/5,s,
carta_110_verso_png.rf.fzyN3bI0uaxRqo8NVukG,2,0.908364,0.986211,0.019189,0.012123,0.186,5/5,n,motivo:fora
carta_110_verso_png.rf.fzyN3bI0uaxRqo8NVukG,3,0.755759,0.461938,0.013296,0.009704,0.106,3/5,s,
carta_111_verso_png.rf.17jrv9q5Lflv6mPXIg5C,1,0.749127,0.010407,0.0346,0.019751,0.132,3/5,n,motivo:fora
carta_112_frente_png.rf.0bvjumOQEbPhMAdN9umr,1,0.92585,0.112726,0.012067,0.009315,0.215,4/5,n,motivo:arte
carta_112_frente_png.rf.0bvjumOQEbPhMAdN9umr,2,0.7272,0.307225,0.010402,0.007033,0.205,4/5,n,motivo:arte
carta_112_frente_png.rf.0bvjumOQEbPhMAdN9umr,3,0.078929,0.891351,0.01309,0.009322,0.195,3/5,n,motivo:arte
carta_112_frente_png.rf.0bvjumOQEbPhMAdN9umr,4,0.771169,0.173599,0.011258,0.008383,0.188,3/5,n,motivo:arte
carta_112_frente_png.rf.0bvjumOQEbPhMAdN9umr,5,0.742796,0.345117,0.013046,0.009405,0.131,2/5,n,motivo:arte
carta_112_frente_png.rf.0bvjumOQEbPhMAdN9umr,6,0.281451,0.808527,0.012875,0.008822,0.12,2/5,n,motivo:arte
carta_112_frente_png.rf.0bvjumOQEbPhMAdN9umr,7,0.071882,0.169713,0.012625,0.009943,0.112,4/5,n,motivo:arte
carta_112_verso_png.rf.s6X4ong0ccalqFmpS5Xp,1,0.088605,0.254041,0.013749,0.009977,0.258,7/5,s,
carta_112_verso_png.rf.s6X4ong0ccalqFmpS5Xp,2,0.041157,0.00643,0.017974,0.010693,0.12,6/5,n,motivo:fora
carta_112_verso_png.rf.s6X4ong0ccalqFmpS5Xp,3,0.953754,0.054105,0.015482,0.012041,0.108,5/5,s,
carta_113_frente_png.rf.Q6ZG0dZPxxYz3VQVzp7K,1,0.610586,0.350912,0.010659,0.008133,0.108,3/5,n,motivo:arte
carta_113_verso_png.rf.YQlowPBTwhPNMe5rRofC,1,0.274426,0.956608,0.021388,0.012954,0.143,4/5,s,
carta_114_frente_png.rf.4paY5CaY6DMjb726MVZL,1,0.428177,0.924198,0.014889,0.010133,0.106,3/5,s,
carta_114_frente_png.rf.4paY5CaY6DMjb726MVZL,2,0.0574,0.042231,0.06339,0.047317,0.105,4/5,n,motivo:nada
carta_114_verso_png.rf.iD09FAwl5NdVtNHhzoMq,1,0.393166,0.419728,0.01095,0.007319,0.187,4/5,s,
carta_114_verso_png.rf.iD09FAwl5NdVtNHhzoMq,2,0.89251,0.028789,0.022022,0.011283,0.113,4/5,s,
carta_115_frente_png.rf.INC6nz13QE8JywktDLqZ,1,0.655504,0.196509,0.013538,0.009969,0.113,3/5,s,
carta_115_frente_png.rf.INC6nz13QE8JywktDLqZ,2,0.575266,0.285101,0.014016,0.009702,0.108,5/5,s,
carta_115_frente_png.rf.INC6nz13QE8JywktDLqZ,3,0.61717,0.2565,0.015187,0.010379,0.1,3/5,s,
carta_115_verso_png.rf.VctF4cW8ejjRCUg7E3L0,1,0.489145,0.686365,0.017129,0.011614,0.358,8/5,s,
carta_115_verso_png.rf.VctF4cW8ejjRCUg7E3L0,2,0.803069,0.183484,0.014244,0.010181,0.234,5/5,s,
carta_115_verso_png.rf.VctF4cW8ejjRCUg7E3L0,3,0.336873,0.021602,0.017258,0.009971,0.232,5/5,s,
carta_115_verso_png.rf.VctF4cW8ejjRCUg7E3L0,4,0.641283,0.50752,0.015122,0.010572,0.225,5/5,s,
carta_115_verso_png.rf.VctF4cW8ejjRCUg7E3L0,5,0.307349,0.801874,0.011036,0.007849,0.188,5/5,s,
carta_115_verso_png.rf.VctF4cW8ejjRCUg7E3L0,6,0.478799,0.410813,0.012027,0.007813,0.14,5/5,s,
carta_115_verso_png.rf.VctF4cW8ejjRCUg7E3L0,7,0.058035,0.844031,0.016835,0.018792,0.121,4/5,s,
carta_115_verso_png.rf.VctF4cW8ejjRCUg7E3L0,8,0.780485,0.965259,0.015062,0.010139,0.118,5/5,s,
carta_115_verso_png.rf.VctF4cW8ejjRCUg7E3L0,9,0.961578,0.089086,0.015737,0.018512,0.116,6/5,s,
carta_116_frente_png.rf.WWiWhzbPoVSFgbGAMTMx,1,0.9405,0.694995,0.013687,0.009761,0.156,6/5,s,
carta_116_verso_png.rf.gcT2RzgXW4Lv5hwHDt7a,1,0.659764,0.563863,0.016097,0.011464,0.485,9/5,s,
carta_116_verso_png.rf.gcT2RzgXW4Lv5hwHDt7a,2,0.831035,0.959402,0.031132,0.035581,0.233,3/5,s,
carta_117_frente_png.rf.bFYUIEAmFl7N8bCTVe6z,1,0.732048,0.98369,0.017895,0.011026,0.224,5/5,n,motivo:fora
carta_118_frente_png.rf.t9C1fax1FNt3W9njnG2j,1,0.785959,0.012192,0.019306,0.012535,0.21,5/5,n,motivo:fora
carta_119_frente_png.rf.Y4XxHJEFJFGaTQFlqcrK,1,0.940148,0.040321,0.059971,0.042179,0.276,6/5,n,motivo:nada
carta_119_frente_png.rf.Y4XxHJEFJFGaTQFlqcrK,2,0.568326,0.007374,0.017424,0.010742,0.194,5/5,n,motivo:fora
carta_119_frente_png.rf.Y4XxHJEFJFGaTQFlqcrK,3,0.727294,0.351154,0.011317,0.008447,0.123,3/5,s,
carta_119_verso_png.rf.pDHE1gWgegqVkre0r1VT,1,0.638767,0.544127,0.014929,0.010815,0.335,5/5,s,
carta_119_verso_png.rf.pDHE1gWgegqVkre0r1VT,2,0.969814,0.123553,0.014475,0.011068,0.183,5/5,s,
carta_119_verso_png.rf.pDHE1gWgegqVkre0r1VT,3,0.227155,0.2619,0.015747,0.012253,0.144,3/5,s,
carta_119_verso_png.rf.pDHE1gWgegqVkre0r1VT,4,0.75298,0.039055,0.018119,0.0114,0.133,4/5,s,
carta_120_frente_png.rf.nS42Ns8GEiG14koxM1TS,1,0.668649,0.009002,0.019551,0.012679,0.318,5/5,n,motivo:fora
carta_120_frente_png.rf.nS42Ns8GEiG14koxM1TS,2,0.675531,0.328138,0.014994,0.01083,0.158,5/5,n,motivo:arte
carta_120_frente_png.rf.nS42Ns8GEiG14koxM1TS,3,0.26935,0.084949,0.062111,0.048512,0.105,2/5,n,motivo:arte
carta_120_verso_png.rf.8MPhygmFrkVoTxpBg0sh,1,0.575816,0.456242,0.015909,0.010647,0.389,6/5,s,
carta_120_verso_png.rf.8MPhygmFrkVoTxpBg0sh,2,0.632065,0.576774,0.014992,0.010775,0.276,7/5,s,
carta_120_verso_png.rf.8MPhygmFrkVoTxpBg0sh,3,0.367579,0.964985,0.017662,0.01267,0.217,5/5,s,
carta_120_verso_png.rf.8MPhygmFrkVoTxpBg0sh,4,0.328036,0.546163,0.014675,0.010612,0.207,5/5,s,
carta_120_verso_png.rf.8MPhygmFrkVoTxpBg0sh,5,0.298329,0.957907,0.0156,0.009648,0.115,4/5,s,
carta_121_frente_png.rf.ll2qZq8AMosbNttlW9wb,1,0.508877,0.110136,0.015167,0.009907,0.165,4/5,n,motivo:arte
carta_121_frente_png.rf.ll2qZq8AMosbNttlW9wb,2,0.856104,0.376014,0.020287,0.016002,0.14,2/5,n,motivo:arte
carta_122_frente_png.rf.Y5mSvWwyUZ6JGoilZ5pW,1,0.280232,0.486301,0.017448,0.009733,0.153,2/5,n,motivo:arte
carta_123_frente_png.rf.Q49Ud9bij6Zjx0c5NnBN,1,0.94453,0.038121,0.050891,0.038125,0.182,7/5,n,motivo:nada
carta_123_frente_png.rf.Q49Ud9bij6Zjx0c5NnBN,2,0.632972,0.612116,0.01986,0.010272,0.157,3/5,n,motivo:arte
carta_123_verso_png.rf.RyJzx9r1Z4S1K0oqNyyG,1,0.131628,0.947087,0.018092,0.010284,0.188,5/5,s,
carta_123_verso_png.rf.RyJzx9r1Z4S1K0oqNyyG,2,0.133355,0.952355,0.027196,0.025674,0.168,5/5,s,
carta_123_verso_png.rf.RyJzx9r1Z4S1K0oqNyyG,3,0.053574,0.948524,0.016887,0.012076,0.14,4/5,s,
carta_123_verso_png.rf.RyJzx9r1Z4S1K0oqNyyG,4,0.959108,0.128599,0.01704,0.013395,0.137,5/5,s,
carta_123_verso_png.rf.RyJzx9r1Z4S1K0oqNyyG,5,0.046374,0.753106,0.0176,0.012508,0.136,4/5,s,
carta_124_frente_png.rf.hJM2s2z1Tr25b77SuXLx,1,0.942578,0.038254,0.049125,0.036002,0.232,5/5,n,motivo:nada
carta_124_verso_png.rf.VNp5zR9gfu8M4P1cCMHP,1,0.406316,0.958159,0.016804,0.010901,0.205,5/5,s,
carta_125_frente_png.rf.30b8XXqAVdjaLD69QSGq,1,0.899515,0.785251,0.025638,0.020823,0.143,2/5,n,motivo:arte
carta_125_frente_png.rf.30b8XXqAVdjaLD69QSGq,2,0.409842,0.01165,0.015916,0.010847,0.142,3/5,n,motivo:fora
carta_125_frente_png.rf.30b8XXqAVdjaLD69QSGq,3,0.398313,0.269817,0.027773,0.015949,0.132,5/5,n,motivo:arte
carta_125_frente_png.rf.30b8XXqAVdjaLD69QSGq,4,0.94549,0.526076,0.039763,0.015,0.129,3/5,s,
carta_125_frente_png.rf.30b8XXqAVdjaLD69QSGq,5,0.401789,0.251326,0.013009,0.007671,0.12,3/5,n,motivo:arte
carta_125_verso_png.rf.zKPDIZ9LpLLXgdqv3WK9,1,0.525671,0.009131,0.018537,0.010903,0.17,5/5,n,motivo:fora
carta_125_verso_png.rf.zKPDIZ9LpLLXgdqv3WK9,2,0.93596,0.746678,0.013821,0.010404,0.129,5/5,s,
carta_127_verso_png.rf.E1HOwKQ27Z9D76eDdx0C,1,0.378123,0.953115,0.017103,0.011153,0.147,5/5,s,
carta_128_frente_png.rf.TJ05EqdI5xTcriO3Ma33,1,0.078446,0.016216,0.022817,0.014591,0.285,6/5,n,motivo:fora
carta_128_verso_png.rf.3sF7d1GyNw1LeSttK4Rs,1,0.186522,0.993751,0.015809,0.010106,0.123,4/5,n,motivo:fora
carta_128_verso_png.rf.3sF7d1GyNw1LeSttK4Rs,2,0.958685,0.01705,0.01822,0.011983,0.106,3/5,n,motivo:fora
carta_128_verso_png.rf.3sF7d1GyNw1LeSttK4Rs,3,0.822238,0.948162,0.01824,0.012493,0.104,3/5,s,
carta_129_frente_png.rf.JUtb1NriuxsiTvJOp00N,1,0.583629,0.013076,0.015952,0.010404,0.302,6/5,n,motivo:fora
carta_129_frente_png.rf.JUtb1NriuxsiTvJOp00N,2,0.516217,0.42107,0.024449,0.017435,0.284,8/5,n,motivo:arte
carta_129_frente_png.rf.JUtb1NriuxsiTvJOp00N,3,0.353591,0.38435,0.0226,0.015366,0.256,6/5,n,motivo:arte
carta_129_frente_png.rf.JUtb1NriuxsiTvJOp00N,4,0.648699,0.011924,0.016454,0.011744,0.214,4/5,n,motivo:fora
carta_129_frente_png.rf.JUtb1NriuxsiTvJOp00N,5,0.253385,0.402576,0.020538,0.01428,0.19,6/5,n,motivo:arte
carta_129_frente_png.rf.JUtb1NriuxsiTvJOp00N,6,0.245445,0.35643,0.029083,0.019231,0.133,5/5,n,motivo:arte
carta_129_frente_png.rf.JUtb1NriuxsiTvJOp00N,7,0.716553,0.577353,0.021195,0.015557,0.123,4/5,n,motivo:arte
carta_129_verso_png.rf.LpmLI0SoxU0DDktmHk4o,1,0.361669,0.03734,0.019032,0.012896,0.13,4/5,s,
carta_130_frente_png.rf.VfupWHvlmgYBzSR57ngz,1,0.329586,0.013574,0.015551,0.01046,0.159,5/5,n,motivo:fora
carta_130_verso_png.rf.Ul8fKRPDfBDEcX2BwrRP,1,0.776591,0.31663,0.021502,0.013209,0.226,5/5,s,
carta_130_verso_png.rf.Ul8fKRPDfBDEcX2BwrRP,2,0.54092,0.055394,0.024709,0.014863,0.135,3/5,s,
carta_132_frente_png.rf.2SOqjMCpngM2f06YE0i1,1,0.83645,0.011011,0.017421,0.0112,0.285,8/5,n,motivo:fora
carta_132_verso_png.rf.g84jGSpFMwJKfQgDyRSc,1,0.174234,0.988558,0.019801,0.013136,0.297,5/5,n,motivo:fora
carta_132_verso_png.rf.g84jGSpFMwJKfQgDyRSc,2,0.173107,0.014142,0.026841,0.027639,0.125,5/5,s,motivo:fora
carta_133_frente_png.rf.mPDlF3wXZmndSPe6Xzjw,1,0.040471,0.740525,0.014592,0.010914,0.139,5/5,s,
carta_133_frente_png.rf.mPDlF3wXZmndSPe6Xzjw,2,0.942772,0.036408,0.06468,0.043947,0.118,4/5,n,motivo:nada
carta_134_frente_png.rf.1zV6sBIv74mpYtPSMO10,1,0.930465,0.041186,0.080083,0.058934,0.144,3/5,s,motivo:nada
carta_135_frente_png.rf.MVUJ5C2puc9x2gqIekwV,1,0.276302,0.371615,0.017588,0.013411,0.22,5/5,s,
carta_135_frente_png.rf.MVUJ5C2puc9x2gqIekwV,2,0.17985,0.32188,0.025882,0.017697,0.129,5/5,s,
carta_135_frente_png.rf.MVUJ5C2puc9x2gqIekwV,3,0.935957,0.041905,0.069795,0.050495,0.127,4/5,n,motivo:nada
carta_135_frente_png.rf.MVUJ5C2puc9x2gqIekwV,4,0.562329,0.296229,0.017424,0.011159,0.102,3/5,n,motivo:arte
carta_135_verso_png.rf.iLRnvIZSeLJbd7FbvQeO,1,0.664039,0.176265,0.017071,0.012824,0.208,5/5,s,
carta_135_verso_png.rf.iLRnvIZSeLJbd7FbvQeO,2,0.726455,0.006225,0.023577,0.010928,0.145,5/5,n,motivo:fora
carta_136_verso_png.rf.jzog4OG1X84MFGbnEdLq,1,0.168416,0.769859,0.014312,0.010568,0.154,4/5,s,
carta_136_verso_png.rf.jzog4OG1X84MFGbnEdLq,2,0.621215,0.420053,0.012936,0.009252,0.109,2/5,s,
carta_136_verso_png.rf.jzog4OG1X84MFGbnEdLq,3,0.492298,0.318994,0.018622,0.012195,0.104,2/5,s,
carta_137_frente_png.rf.wQOr0hC3u2qQhPBaAacD,1,0.946759,0.154425,0.041173,0.020531,0.281,4/5,n,motivo:arte
carta_137_frente_png.rf.wQOr0hC3u2qQhPBaAacD,2,0.299589,0.1377,0.011109,0.007816,0.141,3/5,n,motivo:arte
carta_137_frente_png.rf.wQOr0hC3u2qQhPBaAacD,3,0.714997,0.363168,0.012858,0.009232,0.121,3/5,n,motivo:arte
carta_137_verso_png.rf.KBK0pNIEwLO4tPsEjYW9,1,0.040126,0.784443,0.013345,0.011402,0.24,6/5,s,
carta_139_frente_png.rf.JlCmozSHMyZ1RhSXSeJR,1,0.725589,0.891226,0.018669,0.012632,0.134,4/5,s,
carta_139_verso_png.rf.6vxInn69WreNofI8e5x7,1,0.321854,0.378303,0.016435,0.011319,0.146,4/5,s,
carta_140_frente_png.rf.oaIfCzYh2Pt62Qs703li,1,0.154337,0.992026,0.015805,0.010292,0.123,5/5,n,motivo:fora
carta_141_verso_png.rf.SZlA99c5cLp9DQoOtleR,1,0.18798,0.01412,0.017217,0.010854,0.236,6/5,n,motivo:fora
carta_142_frente_png.rf.7C3w27IKoW2gJZCg6Fq9,1,0.035874,0.464379,0.011944,0.009999,0.305,6/5,s,
carta_142_frente_png.rf.7C3w27IKoW2gJZCg6Fq9,2,0.082374,0.439174,0.019197,0.020116,0.266,6/5,s,
carta_142_frente_png.rf.7C3w27IKoW2gJZCg6Fq9,3,0.687299,0.547724,0.016389,0.010785,0.171,5/5,s,
carta_142_frente_png.rf.7C3w27IKoW2gJZCg6Fq9,4,0.977327,0.216032,0.013785,0.011054,0.148,5/5,n,motivo:fora
carta_142_frente_png.rf.7C3w27IKoW2gJZCg6Fq9,5,0.862343,0.007607,0.018112,0.01127,0.124,5/5,n,motivo:fora
carta_142_verso_png.rf.inHuIr9AxlE37SKqWQ0u,1,0.069807,0.949487,0.015821,0.011876,0.154,5/5,s,
carta_142_verso_png.rf.inHuIr9AxlE37SKqWQ0u,2,0.042542,0.803896,0.019077,0.014302,0.119,4/5,s,
carta_142_verso_png.rf.inHuIr9AxlE37SKqWQ0u,3,0.616315,0.957866,0.017988,0.012713,0.11,5/5,s,
carta_143_frente_png.rf.49Acwb7ZRXcFMrfcJ3il,1,0.684817,0.251607,0.012282,0.008917,0.379,5/5,n,motivo:arte
carta_143_frente_png.rf.49Acwb7ZRXcFMrfcJ3il,2,0.517332,0.061461,0.019418,0.011785,0.257,5/5,s,
carta_143_frente_png.rf.49Acwb7ZRXcFMrfcJ3il,3,0.274842,0.819473,0.016348,0.011029,0.248,6/5,s,
carta_143_frente_png.rf.49Acwb7ZRXcFMrfcJ3il,4,0.886876,0.577615,0.020408,0.014122,0.231,5/5,s,
carta_143_frente_png.rf.49Acwb7ZRXcFMrfcJ3il,5,0.490365,0.818704,0.013518,0.009811,0.202,4/5,s,
carta_143_frente_png.rf.49Acwb7ZRXcFMrfcJ3il,6,0.890096,0.341519,0.011289,0.00897,0.179,6/5,n,motivo:arte
carta_143_frente_png.rf.49Acwb7ZRXcFMrfcJ3il,7,0.853509,0.464991,0.015391,0.010017,0.172,4/5,n,motivo:arte
carta_143_frente_png.rf.49Acwb7ZRXcFMrfcJ3il,8,0.357891,0.761314,0.013746,0.00927,0.166,5/5,s,
carta_143_frente_png.rf.49Acwb7ZRXcFMrfcJ3il,9,0.744211,0.121898,0.014705,0.009711,0.13,4/5,n,motivo:arte
carta_143_frente_png.rf.49Acwb7ZRXcFMrfcJ3il,10,0.083244,0.812863,0.01456,0.010422,0.111,5/5,s,
carta_143_frente_png.rf.49Acwb7ZRXcFMrfcJ3il,11,0.642334,0.155615,0.013697,0.009667,0.101,4/5,n,motivo:arte
carta_143_verso_png.rf.lTJAGijLGmlNtyeEqQF4,1,0.458533,0.986939,0.015273,0.010021,0.199,5/5,n,motivo:fora
carta_143_verso_png.rf.lTJAGijLGmlNtyeEqQF4,2,0.062262,0.272997,0.019696,0.013763,0.112,4/5,s,
carta_145_frente_png.rf.xdfzd3AsKmugQwWF5qQ7,1,0.383604,0.764174,0.016845,0.011839,0.253,6/5,n,motivo:arte
carta_145_frente_png.rf.xdfzd3AsKmugQwWF5qQ7,2,0.582123,0.807656,0.018342,0.01193,0.222,4/5,n,motivo:arte
carta_145_frente_png.rf.xdfzd3AsKmugQwWF5qQ7,3,0.821402,0.49412,0.01962,0.014681,0.183,5/5,n,motivo:arte
carta_146_frente_png.rf.S4GQ1fw6Pk9yOc5Uimls,1,0.678311,0.436717,0.016302,0.011572,0.152,4/5,n,motivo:arte
carta_146_verso_png.rf.pERshP1RwouLzisqv8Rb,1,0.940733,0.479112,0.022911,0.018712,0.165,4/5,s,
carta_146_verso_png.rf.pERshP1RwouLzisqv8Rb,2,0.945016,0.535106,0.01716,0.013775,0.161,4/5,s,
carta_146_verso_png.rf.pERshP1RwouLzisqv8Rb,3,0.096976,0.024643,0.018029,0.009669,0.104,2/5,s,
carta_147_frente_png.rf.m2ccGgfSvrZEL18nL7Mk,1,0.706118,0.701935,0.015802,0.01017,0.397,7/5,n,motivo:arte
carta_147_frente_png.rf.m2ccGgfSvrZEL18nL7Mk,2,0.445747,0.281977,0.014335,0.009965,0.217,7/5,n,motivo:arte
carta_147_frente_png.rf.m2ccGgfSvrZEL18nL7Mk,3,0.628299,0.317785,0.011141,0.008069,0.215,4/5,n,motivo:arte
carta_147_frente_png.rf.m2ccGgfSvrZEL18nL7Mk,4,0.794081,0.789551,0.012903,0.009118,0.193,4/5,n,motivo:arte
carta_147_frente_png.rf.m2ccGgfSvrZEL18nL7Mk,5,0.725331,0.801901,0.015185,0.009496,0.177,4/5,n,motivo:arte
carta_147_frente_png.rf.m2ccGgfSvrZEL18nL7Mk,6,0.775619,0.539053,0.010379,0.007192,0.126,3/5,n,motivo:arte
carta_147_frente_png.rf.m2ccGgfSvrZEL18nL7Mk,7,0.152127,0.00917,0.023453,0.012847,0.12,3/5,n,motivo:fora
carta_147_frente_png.rf.m2ccGgfSvrZEL18nL7Mk,8,0.644261,0.279525,0.010318,0.007243,0.114,4/5,n,motivo:arte
carta_147_verso_png.rf.NuanuM6EyQBrfJARZciz,1,0.024637,0.027824,0.01632,0.011797,0.139,5/5,n,motivo:fora
carta_147_verso_png.rf.NuanuM6EyQBrfJARZciz,2,0.059049,0.153717,0.029065,0.024236,0.118,2/5,s,
carta_148_frente_png.rf.8Cf2iVLLSI53nwoTCZfX,1,0.210868,0.290314,0.015646,0.011267,0.241,6/5,s,
carta_148_verso_png.rf.VMA2V5WQe2PpvT210KNo,1,0.253814,0.388954,0.017362,0.011433,0.143,4/5,s,
carta_149_verso_png.rf.NwG6lWOUPoHvgfNOm4Nl,1,0.589101,0.459839,0.012968,0.00864,0.223,4/5,s,
carta_150_verso_png.rf.mabkc3ZbGQ4OzZxNlqyv,1,0.743566,0.830776,0.014464,0.010798,0.154,3/5,s,
carta_151_verso_png.rf.9bnKBhowB6dSMMvjZQ23,1,0.744509,0.567942,0.015555,0.011441,0.313,6/5,s,
carta_151_verso_png.rf.9bnKBhowB6dSMMvjZQ23,2,0.447129,0.310324,0.016898,0.011476,0.111,4/5,s,
carta_152_verso_png.rf.8OGCWExW30WaqfSjd9qJ,1,0.392349,0.010763,0.015563,0.010564,0.103,3/5,n,motivo:fora
carta_154_verso_png.rf.c4Kp5ljJAgWoHPS1j0WI,1,0.184414,0.931705,0.016673,0.011278,0.135,4/5,s,
carta_155_frente_png.rf.30os0nTt6YUjV0g1GVHT,1,0.060693,0.029364,0.015953,0.01144,0.13,4/5,s,
carta_155_frente_png.rf.30os0nTt6YUjV0g1GVHT,2,0.963423,0.268792,0.033083,0.028344,0.126,2/5,n,motivo:arte
carta_157_frente_png.rf.75P328PCAagSEQazgA58,1,0.585933,0.706847,0.018539,0.012013,0.214,5/5,s,
carta_158_frente_png.rf.0fqZ8gAkgDbH1aFUhKdA,1,0.854235,0.360516,0.027838,0.016285,0.255,7/5,n,motivo:arte
carta_158_verso_png.rf.rQxNd1I7czySABJwccR8,1,0.946742,0.250305,0.015585,0.011414,0.137,5/5,s,
carta_159_frente_png.rf.B5QUGwVmUUNfiWRflyoV,1,0.523976,0.088957,0.017406,0.011913,0.452,8/5,n,motivo:arte
carta_159_frente_png.rf.B5QUGwVmUUNfiWRflyoV,2,0.017544,0.435335,0.016233,0.012025,0.249,5/5,n,motivo:arte
carta_159_frente_png.rf.B5QUGwVmUUNfiWRflyoV,3,0.36747,0.281587,0.015554,0.010621,0.214,5/5,n,motivo:arte
carta_159_frente_png.rf.B5QUGwVmUUNfiWRflyoV,4,0.249865,0.976189,0.019651,0.016522,0.205,4/5,n,motivo:arte
carta_159_frente_png.rf.B5QUGwVmUUNfiWRflyoV,5,0.581831,0.076419,0.025816,0.018323,0.159,3/5,n,motivo:arte
carta_159_frente_png.rf.B5QUGwVmUUNfiWRflyoV,6,0.566702,0.025385,0.036112,0.012825,0.142,2/5,n,motivo:arte
carta_159_frente_png.rf.B5QUGwVmUUNfiWRflyoV,7,0.048158,0.411115,0.016302,0.011276,0.126,3/5,n,motivo:arte
carta_159_frente_png.rf.B5QUGwVmUUNfiWRflyoV,8,0.785307,0.727425,0.030064,0.030475,0.119,4/5,n,motivo:arte
carta_159_frente_png.rf.B5QUGwVmUUNfiWRflyoV,9,0.526982,0.127164,0.014311,0.009951,0.117,4/5,n,motivo:arte
carta_159_frente_png.rf.B5QUGwVmUUNfiWRflyoV,10,0.458171,0.113042,0.020596,0.015318,0.104,2/5,n,motivo:arte
carta_160_verso_png.rf.xNNUsF4zNtOVrtpkmZ1M,1,0.035879,0.33722,0.019241,0.013979,0.237,6/5,s,
carta_160_verso_png.rf.xNNUsF4zNtOVrtpkmZ1M,2,0.170284,0.960193,0.016688,0.009844,0.156,5/5,s,
carta_161_verso_png.rf.KJWxlngpGNM07WfhkKiN,1,0.153983,0.032904,0.020932,0.014057,0.149,5/5,s,
carta_161_verso_png.rf.KJWxlngpGNM07WfhkKiN,2,0.073345,0.238428,0.014956,0.011159,0.111,5/5,s,
carta_162_frente_png.rf.VUqwy2x9x8c59Ijy0wuq,1,0.195891,0.410632,0.017025,0.012636,0.135,5/5,s,
carta_162_verso_png.rf.mFSJiiDqqIoz1HrJW2Fm,1,0.702448,0.963659,0.019193,0.015376,0.158,5/5,s,
carta_163_verso_png.rf.jyj9Ra6wBgjnAQ19Kshn,1,0.04507,0.091196,0.017064,0.013812,0.134,6/5,s,
carta_165_frente_png.rf.uWaDSoW773o3h9aavai8,1,0.412739,0.219866,0.014405,0.011678,0.366,4/5,n,motivo:arte
carta_165_frente_png.rf.uWaDSoW773o3h9aavai8,2,0.989347,0.660337,0.014007,0.009981,0.141,5/5,n,motivo:fora
carta_165_frente_png.rf.uWaDSoW773o3h9aavai8,3,0.78111,0.571739,0.013848,0.007969,0.104,2/5,s,
carta_165_verso_png.rf.Gons1ixQSEscCRQJWWUw,1,0.527869,0.027887,0.017576,0.011479,0.165,5/5,s,
carta_166_verso_png.rf.8dvp0glQVjF77pgOHIyT,1,0.084541,0.193849,0.029347,0.015215,0.11,3/5,s,
carta_167_verso_png.rf.wKWcidFoN5UDXvdKAjpF,1,0.449883,0.486004,0.01292,0.009338,0.188,4/5,s,
carta_167_verso_png.rf.wKWcidFoN5UDXvdKAjpF,2,0.407553,0.02433,0.031439,0.024584,0.104,4/5,s,
carta_168_frente_png.rf.hwpWhVzEhXSi1XfPIS8m,1,0.918652,0.368051,0.018611,0.012936,0.28,5/5,s,
carta_168_verso_png.rf.WXXTGbzqcDgMqGhINGsm,1,0.941453,0.123087,0.013024,0.010257,0.102,4/5,s,
carta_169_verso_png.rf.aTUcOAG4ux3VwMpPERsm,1,0.031686,0.3392,0.015485,0.011252,0.123,4/5,s,
carta_169_verso_png.rf.aTUcOAG4ux3VwMpPERsm,2,0.041387,0.724903,0.029792,0.021227,0.108,3/5,s,
carta_170_verso_png.rf.X3oCD0wjSzIjUuiQS2EX,1,0.167118,0.750496,0.015744,0.011542,0.116,5/5,s,
carta_171_frente_png.rf.8fAiHXA9OeLO7cIkLte8,1,0.368637,0.340888,0.013032,0.008995,0.438,5/5,n,motivo:arte
carta_171_frente_png.rf.8fAiHXA9OeLO7cIkLte8,2,0.565271,0.486037,0.018256,0.012398,0.377,4/5,n,motivo:arte
carta_171_frente_png.rf.8fAiHXA9OeLO7cIkLte8,3,0.336269,0.106263,0.013162,0.008954,0.334,4/5,n,motivo:arte
carta_171_frente_png.rf.8fAiHXA9OeLO7cIkLte8,4,0.404561,0.106252,0.013169,0.008426,0.24,4/5,n,motivo:arte
carta_171_frente_png.rf.8fAiHXA9OeLO7cIkLte8,5,0.825558,0.173633,0.021284,0.015787,0.23,4/5,n,motivo:arte
carta_171_frente_png.rf.8fAiHXA9OeLO7cIkLte8,6,0.822891,0.489121,0.010572,0.00739,0.207,4/5,n,motivo:arte
carta_171_frente_png.rf.8fAiHXA9OeLO7cIkLte8,7,0.938257,0.213448,0.011103,0.00911,0.164,5/5,n,motivo:arte
carta_171_frente_png.rf.8fAiHXA9OeLO7cIkLte8,8,0.44757,0.109089,0.012855,0.009157,0.143,2/5,n,motivo:arte
carta_171_frente_png.rf.8fAiHXA9OeLO7cIkLte8,9,0.579532,0.390408,0.014952,0.012513,0.141,3/5,n,motivo:arte
carta_171_frente_png.rf.8fAiHXA9OeLO7cIkLte8,10,0.755052,0.18432,0.015198,0.011196,0.137,3/5,n,motivo:arte
carta_171_frente_png.rf.8fAiHXA9OeLO7cIkLte8,11,0.188327,0.084375,0.01215,0.00807,0.124,3/5,n,motivo:arte
carta_171_frente_png.rf.8fAiHXA9OeLO7cIkLte8,12,0.784122,0.418798,0.011674,0.00802,0.121,3/5,n,motivo:arte
carta_171_frente_png.rf.8fAiHXA9OeLO7cIkLte8,13,0.794135,0.205838,0.012681,0.009506,0.103,3/5,n,motivo:arte
carta_173_frente_png.rf.qjSH0hhoqMcZJcZvemKh,1,0.53417,0.989459,0.015555,0.009222,0.117,5/5,n,motivo:fora
carta_173_verso_png.rf.kIbWM1WrIAb0Gph7KuI4,1,0.056749,0.308224,0.016791,0.012753,0.277,6/5,s,
carta_173_verso_png.rf.kIbWM1WrIAb0Gph7KuI4,2,0.126586,0.323591,0.017272,0.013528,0.142,5/5,s,
carta_174_frente_png.rf.7xTy4hpp3S921gD9eVvu,1,0.782429,0.094965,0.015857,0.010105,0.157,6/5,s,
carta_174_frente_png.rf.7xTy4hpp3S921gD9eVvu,2,0.786572,0.782866,0.014094,0.009426,0.129,5/5,s,
carta_174_verso_png.rf.CYDwiDtCxuSXrV8HUx8o,1,0.818628,0.903836,0.016215,0.010931,0.117,4/5,s,
carta_175_frente_png.rf.q6Opg7YKVn7KQ8VoxOP5,1,0.63375,0.443291,0.016469,0.010536,0.151,4/5,s,
carta_175_verso_png.rf.Rx11WW6TGRYkTvGdduvg,1,0.470611,0.446803,0.015228,0.011686,0.157,4/5,s,
carta_175_verso_png.rf.Rx11WW6TGRYkTvGdduvg,2,0.050674,0.21028,0.011552,0.008744,0.108,4/5,s,
carta_175_verso_png.rf.Rx11WW6TGRYkTvGdduvg,3,0.956754,0.553549,0.01598,0.013714,0.108,3/5,s,
carta_177_frente_png.rf.Ph5gIRGRcwDFjzlIpSJ1,1,0.365238,0.993436,0.016834,0.009506,0.166,3/5,n,motivo:fora
carta_177_verso_png.rf.qF63qJiqzU5PDb2A2Sgl,1,0.376309,0.437458,0.014878,0.011153,0.281,5/5,s,
carta_177_verso_png.rf.qF63qJiqzU5PDb2A2Sgl,2,0.640302,0.42851,0.015176,0.011037,0.146,5/5,s,
carta_177_verso_png.rf.qF63qJiqzU5PDb2A2Sgl,3,0.434187,0.512048,0.017172,0.012049,0.145,5/5,s,
carta_177_verso_png.rf.qF63qJiqzU5PDb2A2Sgl,4,0.94777,0.681301,0.016891,0.013377,0.114,3/5,s,
carta_178_frente_png.rf.WCQpRYitrOq0EbwFFHB3,1,0.858407,0.565596,0.023739,0.013255,0.502,7/5,n,motivo:arte
carta_178_frente_png.rf.WCQpRYitrOq0EbwFFHB3,2,0.58219,0.58947,0.013352,0.009772,0.105,2/5,n,motivo:arte
carta_178_frente_png.rf.WCQpRYitrOq0EbwFFHB3,3,0.296358,0.443457,0.019718,0.011355,0.105,2/5,n,motivo:arte
carta_178_verso_png.rf.vpEsUMULhS4QIVqnJK2u,1,0.350744,0.308424,0.017444,0.011812,0.136,4/5,s,
carta_179_frente_png.rf.CmHtxsSM0qdQ3hiBxmcI,1,0.217846,0.970529,0.02712,0.019841,0.202,3/5,s,
carta_179_verso_png.rf.mTr2fSv4Q4foucrTZAvW,1,0.594628,0.4609,0.013446,0.009345,0.187,4/5,s,
carta_179_verso_png.rf.mTr2fSv4Q4foucrTZAvW,2,0.936487,0.285164,0.012375,0.012711,0.139,4/5,s,
carta_180_frente_png.rf.CaSBn8RKxvopzZQpOMX7,1,0.352911,0.265674,0.020077,0.012741,0.185,7/5,n,motivo:arte
carta_180_frente_png.rf.CaSBn8RKxvopzZQpOMX7,2,0.778541,0.330702,0.017124,0.012161,0.162,5/5,n,motivo:arte
carta_180_frente_png.rf.CaSBn8RKxvopzZQpOMX7,3,0.562865,0.227075,0.020088,0.014385,0.159,4/5,n,motivo:arte
carta_180_frente_png.rf.CaSBn8RKxvopzZQpOMX7,4,0.317455,0.33197,0.016334,0.010624,0.151,4/5,n,motivo:arte
carta_180_frente_png.rf.CaSBn8RKxvopzZQpOMX7,5,0.355525,0.18204,0.03274,0.016628,0.128,5/5,n,motivo:arte
carta_180_frente_png.rf.CaSBn8RKxvopzZQpOMX7,6,0.109331,0.341153,0.012008,0.008288,0.117,5/5,n,motivo:arte
carta_181_frente_png.rf.BBKcdHO2LzEdjM2PbFwB,1,0.234607,0.977149,0.017719,0.011181,0.168,4/5,s,
carta_181_verso_png.rf.fraGSyr2QHmTDHs9FXn0,1,0.746126,0.955192,0.016004,0.009644,0.218,5/5,s,
carta_181_verso_png.rf.fraGSyr2QHmTDHs9FXn0,2,0.677244,0.65779,0.017256,0.012168,0.202,5/5,s,
carta_181_verso_png.rf.fraGSyr2QHmTDHs9FXn0,3,0.033741,0.803611,0.01568,0.016587,0.158,4/5,s,
carta_181_verso_png.rf.fraGSyr2QHmTDHs9FXn0,4,0.407055,0.956392,0.017914,0.010726,0.152,4/5,s,
carta_181_verso_png.rf.fraGSyr2QHmTDHs9FXn0,5,0.831984,0.842898,0.020059,0.015984,0.118,4/5,s,
carta_181_verso_png.rf.fraGSyr2QHmTDHs9FXn0,6,0.647697,0.958618,0.015496,0.010269,0.117,4/5,s,
carta_181_verso_png.rf.fraGSyr2QHmTDHs9FXn0,7,0.220825,0.02229,0.018693,0.011944,0.107,5/5,s,
carta_181_verso_png.rf.fraGSyr2QHmTDHs9FXn0,8,0.356732,0.922374,0.014556,0.009522,0.104,3/5,s,
carta_182_frente_png.rf.zJrj3uob3vj6cWpOfnIy,1,0.305094,0.908634,0.015051,0.010088,0.158,5/5,s,
carta_182_verso_png.rf.Gbs7jaSaWucAXI1JDYs7,1,0.804348,0.957547,0.014914,0.009662,0.102,3/5,s,
carta_183_verso_png.rf.fEWAvrHCCBGiWg0Diceb,1,0.355773,0.961636,0.017327,0.011147,0.11,4/5,s,
carta_184_frente_png.rf.orSyIKbxSfH6TPvKTJ2F,1,0.862317,0.966772,0.018847,0.011613,0.202,6/5,s,
carta_184_frente_png.rf.orSyIKbxSfH6TPvKTJ2F,2,0.013893,0.417315,0.014426,0.0114,0.195,5/5,n,motivo:fora
carta_184_frente_png.rf.orSyIKbxSfH6TPvKTJ2F,3,0.710357,0.502179,0.012824,0.007868,0.122,3/5,s,
carta_184_verso_png.rf.TsYPfnk7TEVgO8eqiMUY,1,0.802044,0.780398,0.013473,0.010219,0.247,5/5,s,
carta_184_verso_png.rf.TsYPfnk7TEVgO8eqiMUY,2,0.957882,0.842992,0.01645,0.017117,0.122,4/5,s,
carta_184_verso_png.rf.TsYPfnk7TEVgO8eqiMUY,3,0.560151,0.963358,0.034646,0.034926,0.106,3/5,s,
carta_185_verso_png.rf.5Cw6GbsHYJoIl8bB3Cxx,1,0.463682,0.460834,0.012758,0.010103,0.232,4/5,s,
carta_185_verso_png.rf.5Cw6GbsHYJoIl8bB3Cxx,2,0.952407,0.310045,0.016877,0.015953,0.11,3/5,s,
carta_185_verso_png.rf.5Cw6GbsHYJoIl8bB3Cxx,3,0.595544,0.027112,0.019324,0.011854,0.1,4/5,s,
carta_186_frente_png.rf.lrcMPeyvGiqYkVJ1pSaE,1,0.989095,0.057815,0.014059,0.010238,0.127,4/5,n,motivo:fora
carta_188_verso_png.rf.v0z6lyCK5i5BAUmWFYuV,1,0.960456,0.470331,0.014588,0.012556,0.165,6/5,s,
carta_189_verso_png.rf.Plrmu7RRVw3vKpbOawfU,1,0.406309,0.027778,0.018889,0.013004,0.175,5/5,s,
carta_189_verso_png.rf.Plrmu7RRVw3vKpbOawfU,2,0.17646,0.032546,0.02609,0.027921,0.145,4/5,s,
carta_190_verso_png.rf.8QHIHn9FNg0HhfRb3c6y,1,0.404318,0.020592,0.020015,0.011198,0.165,6/5,s,
carta_190_verso_png.rf.8QHIHn9FNg0HhfRb3c6y,2,0.945078,0.182418,0.011985,0.010849,0.147,5/5,s,
carta_190_verso_png.rf.8QHIHn9FNg0HhfRb3c6y,3,0.761741,0.02177,0.020781,0.012194,0.108,5/5,s,
carta_191_frente_png.rf.li8gvm4ztAhPX5kbeF7a,1,0.188874,0.007017,0.01614,0.009988,0.112,3/5,n,motivo:fora
carta_191_verso_png.rf.CiPdjGZoDuOIBIr1VcLC,1,0.195542,0.22592,0.012508,0.009116,0.259,5/5,s,
carta_192_verso_png.rf.5gzUWA5RKmqHFvuKYdXQ,1,0.96473,0.9028,0.015328,0.012012,0.154,5/5,s,
carta_193_verso_png.rf.fAcbD9qXWTD3cD2UBaFb,1,0.266231,0.026112,0.018219,0.010538,0.173,4/5,s,
carta_193_verso_png.rf.fAcbD9qXWTD3cD2UBaFb,2,0.02781,0.810261,0.013482,0.009479,0.159,4/5,s,
carta_194_verso_png.rf.OSSkAUvpqhhwV0OopKfJ,1,0.590096,0.959676,0.017399,0.011377,0.104,4/5,s,
carta_195_verso_png.rf.wPKcqhEtS2SxBz9Opsg3,1,0.095327,0.341765,0.018159,0.013509,0.165,5/5,s,
carta_195_verso_png.rf.wPKcqhEtS2SxBz9Opsg3,2,0.043209,0.05564,0.016624,0.019777,0.153,4/5,s,
carta_195_verso_png.rf.wPKcqhEtS2SxBz9Opsg3,3,0.037319,0.939406,0.014554,0.01127,0.101,5/5,s,
carta_196_frente_png.rf.Rvy33XpQcZtSef1qXODM,1,0.667367,0.024549,0.0206,0.013376,0.289,5/5,s,
carta_196_frente_png.rf.Rvy33XpQcZtSef1qXODM,2,0.043956,0.861489,0.023724,0.024247,0.176,3/5,n,motivo:arte
carta_196_frente_png.rf.Rvy33XpQcZtSef1qXODM,3,0.838668,0.598086,0.018095,0.01332,0.145,4/5,n,motivo:arte
carta_197_frente_png.rf.19JMa35rla321R5YGqhP,1,0.801224,0.758847,0.016176,0.011246,0.105,3/5,n,motivo:arte
carta_197_verso_png.rf.HGMsCIX7YOkYp6GhNzhf,1,0.241356,0.024172,0.019619,0.011269,0.299,7/5,s,
carta_197_verso_png.rf.HGMsCIX7YOkYp6GhNzhf,2,0.963644,0.915106,0.014963,0.01151,0.216,5/5,s,
carta_197_verso_png.rf.HGMsCIX7YOkYp6GhNzhf,3,0.956798,0.182998,0.014578,0.011585,0.136,5/5,s,
carta_197_verso_png.rf.HGMsCIX7YOkYp6GhNzhf,4,0.668386,0.946849,0.016076,0.009839,0.124,4/5,s,
carta_197_verso_png.rf.HGMsCIX7YOkYp6GhNzhf,5,0.797086,0.041176,0.023326,0.014219,0.108,2/5,s,
carta_198_frente_png.rf.mN9eE2DaARNG5f9UsrED,1,0.933047,0.045116,0.065959,0.050437,0.155,3/5,n,motivo:nada
carta_198_frente_png.rf.mN9eE2DaARNG5f9UsrED,2,0.447508,0.93753,0.012739,0.008997,0.128,2/5,n,motivo:arte
carta_199_frente_png.rf.cbao91WvePb631ESUQZt,1,0.934039,0.955407,0.065299,0.04756,0.163,5/5,n,motivo:nada
carta_199_frente_png.rf.cbao91WvePb631ESUQZt,2,0.80509,0.164623,0.015038,0.010569,0.142,4/5,s,
carta_199_verso_png.rf.K86UqU9csJAyNdZugABH,1,0.082226,0.271594,0.01353,0.011092,0.127,3/5,s,
carta_200_frente_png.rf.neGxa9x3t3GTJwNO0zny,1,0.475932,0.037043,0.023809,0.016222,0.106,3/5,s,
carta_201_verso_png.rf.PgQ2ARUYGkceajAeCxE5,1,0.283175,0.949773,0.016117,0.010692,0.129,5/5,s,
carta_201_verso_png.rf.PgQ2ARUYGkceajAeCxE5,2,0.935338,0.036388,0.074266,0.047072,0.128,2/5,n,motivo:nada
carta_201_verso_png.rf.PgQ2ARUYGkceajAeCxE5,3,0.061607,0.657402,0.014769,0.012804,0.116,5/5,s,
carta_202_verso_png.rf.CtJzovcZgZa0HluJXAjU,1,0.946468,0.639745,0.015776,0.014944,0.124,4/5,s,
carta_203_frente_png.rf.yYdD2TwcpzYGAKcnKHae,1,0.507891,0.490139,0.025878,0.011274,0.169,3/5,n,motivo:arte
carta_203_verso_png.rf.CrZ3urlNOB9oQapV5Lve,1,0.947894,0.010605,0.018855,0.01224,0.192,5/5,n,motivo:fora
carta_203_verso_png.rf.CrZ3urlNOB9oQapV5Lve,2,0.762103,0.036314,0.018669,0.012995,0.141,5/5,s,
carta_204_frente_png.rf.LuxQOPcwcJlv8RW3bA85,1,0.752798,0.007725,0.019951,0.012898,0.188,5/5,n,motivo:fora
carta_204_frente_png.rf.LuxQOPcwcJlv8RW3bA85,2,0.941056,0.07159,0.016444,0.015136,0.171,6/5,s,
carta_204_frente_png.rf.LuxQOPcwcJlv8RW3bA85,3,0.269109,0.405361,0.012693,0.010122,0.143,5/5,s,
carta_204_frente_png.rf.LuxQOPcwcJlv8RW3bA85,4,0.561577,0.801692,0.013536,0.009019,0.124,4/5,s,
carta_204_verso_png.rf.9eXCRyNDuiaVpfa0P8cp,1,0.052057,0.293449,0.034097,0.021553,0.239,5/5,s,
carta_205_verso_png.rf.V1Oh4M42nEFMxEIYN1S7,1,0.623903,0.9462,0.017172,0.010513,0.16,4/5,s,
carta_206_frente_png.rf.cYPRT2i4Ozw7DfAz89PG,1,0.068324,0.033198,0.024714,0.015679,0.115,3/5,s,
carta_206_frente_png.rf.cYPRT2i4Ozw7DfAz89PG,2,0.941653,0.950853,0.063993,0.042965,0.101,4/5,n,motivo:nada
carta_001_verso_png.rf.BB3P1xNOME3ZlggePjBa,m1,0.044325,0.291151,0.009859,0.006641,1.0,manual,s,
carta_001_verso_png.rf.BB3P1xNOME3ZlggePjBa,m2,0.025371,0.042850,0.013132,0.010682,1.0,manual,s,
carta_001_verso_png.rf.BB3P1xNOME3ZlggePjBa,m3,0.082808,0.967498,0.029931,0.010597,1.0,manual,s,
carta_001_verso_png.rf.BB3P1xNOME3ZlggePjBa,m4,0.901393,0.023845,0.009583,0.005934,1.0,manual,s,
carta_001_verso_png.rf.BB3P1xNOME3ZlggePjBa,m5,0.941194,0.158169,0.010058,0.009317,1.0,manual,s,
carta_004_verso_png.rf.brGOzFNJDA0vSL0qinHC,m1,0.213530,0.680052,0.018244,0.014771,1.0,manual,s,
carta_006_verso_png.rf.P6AsNPFgHr1GX3v3kbCj,m1,0.182719,0.812652,0.012598,0.009282,1.0,manual,s,
carta_006_verso_png.rf.P6AsNPFgHr1GX3v3kbCj,m2,0.711880,0.763216,0.013224,0.009888,1.0,manual,s,
carta_007_frente_png.rf.BTdu41SYBiAc1mengQ99,m1,0.762571,0.352407,0.025844,0.007833,1.0,manual,s,
carta_007_frente_png.rf.BTdu41SYBiAc1mengQ99,m2,0.270416,0.358919,0.010749,0.005722,1.0,manual,s,
carta_007_frente_png.rf.BTdu41SYBiAc1mengQ99,m3,0.789361,0.125038,0.007573,0.004493,1.0,manual,s,
carta_009_frente_png.rf.QTWfZIry8Z3Zus2pOL1T,m1,0.967034,0.425360,0.019062,0.014942,1.0,manual,s,
carta_009_frente_png.rf.QTWfZIry8Z3Zus2pOL1T,m2,0.035424,0.709409,0.017481,0.007080,1.0,manual,s,
carta_009_frente_png.rf.QTWfZIry8Z3Zus2pOL1T,m3,0.037715,0.574577,0.018669,0.019410,1.0,manual,s,
carta_009_frente_png.rf.QTWfZIry8Z3Zus2pOL1T,m4,0.035679,0.506642,0.019347,0.008057,1.0,manual,s,
carta_009_frente_png.rf.QTWfZIry8Z3Zus2pOL1T,m5,0.033982,0.351850,0.017311,0.017091,1.0,manual,s,
carta_009_frente_png.rf.QTWfZIry8Z3Zus2pOL1T,m6,0.512044,0.035071,0.060079,0.026368,1.0,manual,s,
carta_009_frente_png.rf.QTWfZIry8Z3Zus2pOL1T,m7,0.697576,0.036610,0.064967,0.024757,1.0,manual,s,
carta_009_frente_png.rf.QTWfZIry8Z3Zus2pOL1T,m8,0.953535,0.371751,0.013686,0.012833,1.0,manual,s,
carta_009_frente_png.rf.QTWfZIry8Z3Zus2pOL1T,m9,0.967034,0.944861,0.017396,0.018108,1.0,manual,s,
carta_009_frente_png.rf.QTWfZIry8Z3Zus2pOL1T,m10,0.971375,0.382292,0.008757,0.007032,1.0,manual,s,
carta_009_frente_png.rf.QTWfZIry8Z3Zus2pOL1T,m11,0.961720,0.562299,0.007170,0.006146,1.0,manual,s,
carta_009_frente_png.rf.QTWfZIry8Z3Zus2pOL1T,m12,0.960541,0.512989,0.028188,0.015754,1.0,manual,s,
carta_009_frente_png.rf.QTWfZIry8Z3Zus2pOL1T,m13,0.395070,0.973920,0.011371,0.008057,1.0,manual,s,
carta_009_frente_png.rf.QTWfZIry8Z3Zus2pOL1T,m14,0.333888,0.977155,0.011880,0.007202,1.0,manual,s,
carta_009_frente_png.rf.QTWfZIry8Z3Zus2pOL1T,m15,0.283058,0.979596,0.008995,0.008423,1.0,manual,s,
carta_011_frente_png.rf.jtY7p0DEqjBJtQcFMjnQ,m1,0.204930,0.487414,0.013800,0.008496,1.0,manual,s,
carta_011_frente_png.rf.jtY7p0DEqjBJtQcFMjnQ,m2,0.211018,0.460167,0.012988,0.015235,1.0,manual,s,
carta_011_frente_png.rf.jtY7p0DEqjBJtQcFMjnQ,m3,0.365451,0.397469,0.012176,0.010254,1.0,manual,s,
carta_011_verso_png.rf.PNT08yvNAwXCMy8G6GLL,m1,0.922889,0.055924,0.060899,0.006273,1.0,manual,s,
carta_014_verso_png.rf.Fhe1i0izmKyRtb2cVLYl,m1,0.528725,0.829260,0.014552,0.013140,1.0,manual,s,
carta_014_verso_png.rf.Fhe1i0izmKyRtb2cVLYl,m2,0.146786,0.765710,0.013007,0.004380,1.0,manual,s,
carta_016_frente_png.rf.SDm7CcKAIH1os8esivWS,m1,0.498777,0.389595,0.029203,0.013501,1.0,manual,s,
carta_016_frente_png.rf.SDm7CcKAIH1os8esivWS,m2,0.233592,0.443523,0.098559,0.012481,1.0,manual,s,
carta_016_frente_png.rf.SDm7CcKAIH1os8esivWS,m3,0.200618,0.420494,0.081767,0.029005,1.0,manual,s,
carta_016_frente_png.rf.SDm7CcKAIH1os8esivWS,m4,0.176499,0.374106,0.084931,0.025665,1.0,manual,s,
carta_016_frente_png.rf.SDm7CcKAIH1os8esivWS,m5,0.228009,0.352444,0.061395,0.054070,1.0,manual,s,
carta_016_frente_png.rf.SDm7CcKAIH1os8esivWS,m6,0.197814,0.472809,0.086440,0.023204,1.0,manual,s,
carta_016_frente_png.rf.SDm7CcKAIH1os8esivWS,m7,0.291408,0.463950,0.091404,0.017719,1.0,manual,s,
carta_016_frente_png.rf.SDm7CcKAIH1os8esivWS,m8,0.304111,0.502658,0.090528,0.015399,1.0,manual,s,
carta_016_frente_png.rf.SDm7CcKAIH1os8esivWS,m9,0.155324,0.509514,0.027742,0.013501,1.0,manual,s,
carta_016_frente_png.rf.SDm7CcKAIH1os8esivWS,m10,0.772171,0.433634,0.146256,0.020040,1.0,manual,s,
carta_016_frente_png.rf.SDm7CcKAIH1os8esivWS,m11,0.827656,0.464046,0.042587,0.036916,1.0,manual,s,
carta_016_frente_png.rf.SDm7CcKAIH1os8esivWS,m12,0.784096,0.514409,0.037233,0.009317,1.0,manual,s,
carta_016_frente_png.rf.SDm7CcKAIH1os8esivWS,m13,0.755307,0.351330,0.059281,0.013290,1.0,manual,s,
carta_016_frente_png.rf.SDm7CcKAIH1os8esivWS,m14,0.734524,0.330594,0.082702,0.017719,1.0,manual,s,
carta_016_frente_png.rf.SDm7CcKAIH1os8esivWS,m15,0.829433,0.283820,0.060975,0.014682,1.0,manual,s,
carta_016_frente_png.rf.SDm7CcKAIH1os8esivWS,m16,0.794682,0.310315,0.033875,0.020251,1.0,manual,s,
carta_016_frente_png.rf.SDm7CcKAIH1os8esivWS,m17,0.806801,0.333414,0.041760,0.022149,1.0,manual,s,
carta_016_frente_png.rf.SDm7CcKAIH1os8esivWS,m18,0.302767,0.374526,0.055363,0.016553,1.0,manual,s,
carta_016_frente_png.rf.SDm7CcKAIH1os8esivWS,m19,0.371235,0.340425,0.015210,0.006006,1.0,manual,s,
carta_016_frente_png.rf.SDm7CcKAIH1os8esivWS,m20,0.656404,0.701608,0.016791,0.022325,1.0,manual,s,
carta_016_frente_png.rf.SDm7CcKAIH1os8esivWS,m21,0.606151,0.679195,0.008761,0.005977,1.0,manual,s,
carta_016_frente_png.rf.SDm7CcKAIH1os8esivWS,m22,0.615642,0.650454,0.018495,0.022677,1.0,manual,s,
carta_016_frente_png.rf.SDm7CcKAIH1os8esivWS,m23,0.677940,0.644213,0.010708,0.011602,1.0,manual,s,
carta_016_frente_png.rf.SDm7CcKAIH1os8esivWS,m24,0.750836,0.761530,0.017035,0.026896,1.0,manual,s,
carta_016_frente_png.rf.SDm7CcKAIH1os8esivWS,m25,0.715184,0.786932,0.024092,0.026017,1.0,manual,s,
carta_016_frente_png.rf.SDm7CcKAIH1os8esivWS,m26,0.768114,0.841338,0.010221,0.013887,1.0,manual,s,
carta_016_verso_png.rf.XPb6kpTsALiZcapRcMue,m1,0.176676,0.549816,0.014375,0.009961,1.0,manual,s,
carta_016_verso_png.rf.XPb6kpTsALiZcapRcMue,m2,0.150861,0.576917,0.011338,0.005860,1.0,manual,s,
carta_017_frente_png.rf.e4rfP6r2PdEArEIq34Gd,m1,0.477774,0.693502,0.006518,0.004521,1.0,manual,s,
carta_024_verso_png.rf.Wt0Muffvg8Qm2f6QyCm6,m1,0.499753,0.484202,0.015062,0.010950,1.0,manual,s,
carta_035_verso_png.rf.ASaZ32NUVlWAsD5Z5RIB,m1,0.620376,0.197538,0.043066,0.012305,1.0,manual,s,
carta_046_verso_png.rf.2zpdv7uygv2UtfRRUzRS,m1,0.372511,0.052040,0.017886,0.009493,1.0,manual,s,
carta_047_frente_png.rf.LroUKJIx9AsoaBJoMmOu,m1,0.680395,0.304041,0.030999,0.015056,1.0,manual,s,
carta_047_frente_png.rf.LroUKJIx9AsoaBJoMmOu,m2,0.143307,0.427088,0.014212,0.008789,1.0,manual,s,
carta_047_frente_png.rf.LroUKJIx9AsoaBJoMmOu,m3,0.361212,0.456614,0.010009,0.009375,1.0,manual,s,
carta_047_frente_png.rf.LroUKJIx9AsoaBJoMmOu,m4,0.356408,0.499023,0.011210,0.007471,1.0,manual,s,
carta_047_frente_png.rf.LroUKJIx9AsoaBJoMmOu,m5,0.375825,0.538836,0.013259,0.007383,1.0,manual,s,
carta_047_frente_png.rf.LroUKJIx9AsoaBJoMmOu,m6,0.472964,0.550965,0.010377,0.008860,1.0,manual,s,
carta_047_frente_png.rf.LroUKJIx9AsoaBJoMmOu,m7,0.471184,0.567955,0.021963,0.011699,1.0,manual,s,
carta_047_frente_png.rf.LroUKJIx9AsoaBJoMmOu,m8,0.492452,0.562157,0.016959,0.008850,1.0,manual,s,
carta_047_frente_png.rf.LroUKJIx9AsoaBJoMmOu,m10,0.310084,0.598419,0.121929,0.043244,1.0,manual,s,
carta_047_frente_png.rf.LroUKJIx9AsoaBJoMmOu,m11,0.856192,0.722583,0.015277,0.009071,1.0,manual,s,
carta_047_frente_png.rf.LroUKJIx9AsoaBJoMmOu,m12,0.881817,0.830567,0.017295,0.014682,1.0,manual,s,
carta_047_frente_png.rf.LroUKJIx9AsoaBJoMmOu,m17,0.962172,0.907423,0.021619,0.047990,1.0,manual,s,
carta_047_frente_png.rf.LroUKJIx9AsoaBJoMmOu,m20,0.566893,0.976153,0.097524,0.012833,1.0,manual,s,
carta_047_frente_png.rf.LroUKJIx9AsoaBJoMmOu,m23,0.865881,0.105659,0.017775,0.012657,1.0,manual,s,
carta_047_frente_png.rf.LroUKJIx9AsoaBJoMmOu,m24,0.712895,0.077585,0.038433,0.025929,1.0,manual,s,
carta_047_frente_png.rf.LroUKJIx9AsoaBJoMmOu,m25,0.846668,0.260244,0.007761,0.004832,1.0,manual,s,
carta_047_frente_png.rf.LroUKJIx9AsoaBJoMmOu,m26,0.820078,0.292087,0.009175,0.006348,1.0,manual,s,
carta_047_frente_png.rf.LroUKJIx9AsoaBJoMmOu,m27,0.960389,0.214959,0.015814,0.092582,1.0,manual,s,
carta_047_frente_png.rf.LroUKJIx9AsoaBJoMmOu,m28,0.875205,0.974621,0.043998,0.014581,1.0,manual,s,
carta_047_frente_png.rf.LroUKJIx9AsoaBJoMmOu,m31,0.486688,0.888983,0.047849,0.090918,1.0,manual,s,
carta_047_frente_png.rf.LroUKJIx9AsoaBJoMmOu,m32,0.302317,0.748974,0.033870,0.020048,1.0,manual,s,
carta_047_frente_png.rf.LroUKJIx9AsoaBJoMmOu,m33,0.457954,0.708124,0.050805,0.178466,1.0,manual,s,
carta_047_frente_png.rf.LroUKJIx9AsoaBJoMmOu,m34,0.347534,0.415512,0.014943,0.009113,1.0,manual,s,
carta_047_frente_png.rf.LroUKJIx9AsoaBJoMmOu,m35,0.420377,0.408684,0.095282,0.069876,1.0,manual,s,
carta_047_frente_png.rf.LroUKJIx9AsoaBJoMmOu,m36,0.437191,0.352876,0.092354,0.012910,1.0,manual,s,
carta_047_frente_png.rf.LroUKJIx9AsoaBJoMmOu,m37,0.242762,0.836962,0.019024,0.011391,1.0,manual,s,
carta_047_frente_png.rf.LroUKJIx9AsoaBJoMmOu,m38,0.103394,0.771569,0.021042,0.011813,1.0,manual,s,
carta_047_frente_png.rf.LroUKJIx9AsoaBJoMmOu,m39,0.058428,0.690882,0.013548,0.009914,1.0,manual,s,
carta_047_frente_png.rf.LroUKJIx9AsoaBJoMmOu,m40,0.082743,0.265184,0.018263,0.011847,1.0,manual,s,
carta_047_verso_png.rf.uXRECh5TElGdvj7xLLuC,m2,0.585081,0.575575,0.039464,0.020656,1.0,manual,s,
carta_047_verso_png.rf.uXRECh5TElGdvj7xLLuC,m4,0.696412,0.593953,0.022848,0.017922,1.0,manual,s,
carta_047_verso_png.rf.uXRECh5TElGdvj7xLLuC,m7,0.588761,0.911333,0.038426,0.023542,1.0,manual,s,
carta_047_verso_png.rf.uXRECh5TElGdvj7xLLuC,m12,0.135756,0.895394,0.025675,0.021516,1.0,manual,s,
carta_047_verso_png.rf.uXRECh5TElGdvj7xLLuC,m13,0.215954,0.894339,0.028560,0.018985,1.0,manual,s,
carta_047_verso_png.rf.uXRECh5TElGdvj7xLLuC,m15,0.079502,0.781272,0.017020,0.014344,1.0,manual,s,
carta_047_verso_png.rf.uXRECh5TElGdvj7xLLuC,m16,0.171239,0.581823,0.087987,0.053369,1.0,manual,s,
carta_047_verso_png.rf.uXRECh5TElGdvj7xLLuC,m17,0.237735,0.705437,0.098661,0.119606,1.0,manual,s,
carta_047_verso_png.rf.uXRECh5TElGdvj7xLLuC,m25,0.169257,0.234521,0.051085,0.068264,1.0,manual,s,
carta_047_verso_png.rf.uXRECh5TElGdvj7xLLuC,m28,0.780058,0.019983,0.259875,0.015469,1.0,manual,s,
carta_047_verso_png.rf.uXRECh5TElGdvj7xLLuC,m36,0.425524,0.444681,0.025963,0.052033,1.0,manual,s,
carta_047_verso_png.rf.uXRECh5TElGdvj7xLLuC,m37,0.322752,0.465863,0.015626,0.038498,1.0,manual,s,
carta_047_verso_png.rf.uXRECh5TElGdvj7xLLuC,m40,0.928982,0.764158,0.017655,0.013163,1.0,manual,s,
carta_047_verso_png.rf.uXRECh5TElGdvj7xLLuC,m42,0.733684,0.814761,0.015693,0.014039,1.0,manual,s,
carta_047_verso_png.rf.uXRECh5TElGdvj7xLLuC,m43,0.472125,0.791378,0.013222,0.007764,1.0,manual,s,
carta_047_verso_png.rf.uXRECh5TElGdvj7xLLuC,m44,0.509287,0.841990,0.020234,0.015821,1.0,manual,s,
carta_047_verso_png.rf.uXRECh5TElGdvj7xLLuC,m45,0.533194,0.844571,0.009349,0.008179,1.0,manual,s,
carta_047_verso_png.rf.uXRECh5TElGdvj7xLLuC,m46,0.490155,0.859916,0.030451,0.017725,1.0,manual,s,
carta_047_verso_png.rf.uXRECh5TElGdvj7xLLuC,m47,0.391491,0.812160,0.013422,0.009522,1.0,manual,s,
carta_047_verso_png.rf.uXRECh5TElGdvj7xLLuC,m48,0.328686,0.819558,0.019633,0.011133,1.0,manual,s,
carta_047_verso_png.rf.uXRECh5TElGdvj7xLLuC,m49,0.258969,0.780298,0.050084,0.023145,1.0,manual,s,
carta_047_verso_png.rf.uXRECh5TElGdvj7xLLuC,m51,0.792058,0.272494,0.072842,0.028478,1.0,manual,s,
carta_047_verso_png.rf.uXRECh5TElGdvj7xLLuC,m52,0.686791,0.333979,0.028848,0.013624,1.0,manual,s,
carta_047_verso_png.rf.uXRECh5TElGdvj7xLLuC,m53,0.636006,0.319476,0.046277,0.026515,1.0,manual,s,
carta_048_frente_png.rf.MeNpA9nflyHGqf4jqyY1,m1,0.961917,0.653894,0.011435,0.011841,1.0,manual,s,
carta_048_frente_png.rf.MeNpA9nflyHGqf4jqyY1,m2,0.962636,0.562356,0.013600,0.012657,1.0,manual,s,
carta_048_frente_png.rf.MeNpA9nflyHGqf4jqyY1,m3,0.103099,0.756438,0.012029,0.010427,1.0,manual,s,
carta_055_verso_png.rf.snVAsllJZgbqhGzbn31S,m1,0.068027,0.823088,0.020199,0.024024,1.0,manual,s,
carta_055_verso_png.rf.snVAsllJZgbqhGzbn31S,m2,0.404279,0.417652,0.013533,0.009815,1.0,manual,s,
carta_055_verso_png.rf.snVAsllJZgbqhGzbn31S,m3,0.861605,0.046081,0.019872,0.012123,1.0,manual,s,
carta_055_verso_png.rf.snVAsllJZgbqhGzbn31S,m4,0.955489,0.672398,0.013129,0.009400,1.0,manual,s,
carta_055_verso_png.rf.snVAsllJZgbqhGzbn31S,m5,0.500901,0.953170,0.020199,0.011963,1.0,manual,s,
carta_055_verso_png.rf.snVAsllJZgbqhGzbn31S,m6,0.678399,0.955978,0.017337,0.015626,1.0,manual,s,
carta_055_verso_png.rf.snVAsllJZgbqhGzbn31S,m7,0.947130,0.869427,0.017506,0.011719,1.0,manual,s,
carta_055_verso_png.rf.snVAsllJZgbqhGzbn31S,m8,0.947830,0.451168,0.037772,0.026954,1.0,manual,s,
carta_055_verso_png.rf.snVAsllJZgbqhGzbn31S,m9,0.141683,0.922025,0.009538,0.006409,1.0,manual,s,
carta_056_verso_png.rf.s5VSxJYJ3pm9GKtxuTdU,m1,0.042164,0.385963,0.022061,0.033048,1.0,manual,s,
carta_056_verso_png.rf.s5VSxJYJ3pm9GKtxuTdU,m2,0.877104,0.056728,0.011644,0.008545,1.0,manual,s,
carta_056_verso_png.rf.s5VSxJYJ3pm9GKtxuTdU,m3,0.750770,0.054388,0.013188,0.008342,1.0,manual,s,
carta_056_verso_png.rf.s5VSxJYJ3pm9GKtxuTdU,m4,0.842373,0.182240,0.014029,0.008647,1.0,manual,s,
carta_056_verso_png.rf.s5VSxJYJ3pm9GKtxuTdU,m5,0.963963,0.653907,0.011083,0.014751,1.0,manual,s,
carta_069_frente_png.rf.p2T9snekNbzMvQC5ODk6,m1,0.117718,0.035194,0.029802,0.020462,1.0,manual,s,
carta_069_frente_png.rf.p2T9snekNbzMvQC5ODk6,m2,0.059995,0.078016,0.029512,0.016243,1.0,manual,s,
carta_069_frente_png.rf.p2T9snekNbzMvQC5ODk6,m3,0.088244,0.204706,0.031827,0.019688,1.0,manual,s,
carta_069_frente_png.rf.p2T9snekNbzMvQC5ODk6,m4,0.060033,0.145905,0.057385,0.079281,1.0,manual,s,
carta_069_frente_png.rf.p2T9snekNbzMvQC5ODk6,m5,0.096799,0.227298,0.045329,0.014766,1.0,manual,s,
carta_069_frente_png.rf.p2T9snekNbzMvQC5ODk6,m6,0.115760,0.260552,0.011855,0.009522,1.0,manual,s,
carta_069_frente_png.rf.p2T9snekNbzMvQC5ODk6,m7,0.429578,0.051308,0.040387,0.018604,1.0,manual,s,
carta_069_frente_png.rf.p2T9snekNbzMvQC5ODk6,m8,0.710846,0.103874,0.016074,0.010621,1.0,manual,s,
carta_069_frente_png.rf.p2T9snekNbzMvQC5ODk6,m9,0.561690,0.027609,0.020012,0.011954,1.0,manual,s,
carta_069_frente_png.rf.p2T9snekNbzMvQC5ODk6,m10,0.145778,0.159832,0.011573,0.008860,1.0,manual,s,
carta_069_frente_png.rf.p2T9snekNbzMvQC5ODk6,m11,0.095135,0.337118,0.014266,0.012305,1.0,manual,s,
carta_069_frente_png.rf.p2T9snekNbzMvQC5ODk6,m12,0.057863,0.331405,0.011252,0.009082,1.0,manual,s,
carta_069_frente_png.rf.p2T9snekNbzMvQC5ODk6,m13,0.041086,0.316829,0.009845,0.006592,1.0,manual,s,
carta_070_verso_png.rf.HVxiAs3R4N3L9NJaTWsc,m1,0.297729,0.845498,0.016612,0.011353,1.0,manual,s,
carta_070_verso_png.rf.HVxiAs3R4N3L9NJaTWsc,m2,0.191418,0.637605,0.014485,0.011421,1.0,manual,s,
carta_070_verso_png.rf.HVxiAs3R4N3L9NJaTWsc,m3,0.764989,0.562034,0.033728,0.022462,1.0,manual,s,
carta_072_frente_png.rf.dQDbEQDpIxZ4Ghyfus1w,m1,0.180827,0.822666,0.107923,0.070424,1.0,manual,s,
carta_072_frente_png.rf.dQDbEQDpIxZ4Ghyfus1w,m2,0.288450,0.888060,0.092933,0.098856,1.0,manual,s,
carta_072_frente_png.rf.dQDbEQDpIxZ4Ghyfus1w,m3,0.391276,0.929396,0.100728,0.075673,1.0,manual,s,
carta_072_verso_png.rf.Rj1oaxypBrpIKtc4Wxrj,m1,0.102586,0.522501,0.062447,0.056955,1.0,manual,s,
carta_073_frente_png.rf.VknyamTWtXcL9PXRrg7S,m2,0.530259,0.936114,0.060714,0.016454,1.0,manual,s,
carta_073_frente_png.rf.VknyamTWtXcL9PXRrg7S,m5,0.460872,0.852706,0.017000,0.011644,1.0,manual,s,
carta_073_frente_png.rf.VknyamTWtXcL9PXRrg7S,m6,0.643707,0.848909,0.030877,0.019238,1.0,manual,s,
carta_073_frente_png.rf.VknyamTWtXcL9PXRrg7S,m7,0.534769,0.803851,0.011449,0.009619,1.0,manual,s,
carta_073_frente_png.rf.VknyamTWtXcL9PXRrg7S,m8,0.519504,0.757148,0.013530,0.009366,1.0,manual,s,
carta_073_frente_png.rf.VknyamTWtXcL9PXRrg7S,m9,0.559401,0.742466,0.010755,0.007847,1.0,manual,s,
carta_073_frente_png.rf.VknyamTWtXcL9PXRrg7S,m10,0.523494,0.725126,0.009714,0.008100,1.0,manual,s,
carta_073_frente_png.rf.VknyamTWtXcL9PXRrg7S,m11,0.760971,0.743225,0.008673,0.009872,1.0,manual,s,
carta_073_frente_png.rf.VknyamTWtXcL9PXRrg7S,m12,0.205467,0.956966,0.053706,0.033414,1.0,manual,s,
carta_073_frente_png.rf.VknyamTWtXcL9PXRrg7S,m13,0.122203,0.964560,0.037053,0.017618,1.0,manual,s,
carta_073_frente_png.rf.VknyamTWtXcL9PXRrg7S,m17,0.948885,0.609000,0.037053,0.209596,1.0,manual,s,
carta_073_frente_png.rf.VknyamTWtXcL9PXRrg7S,m18,0.751132,0.569511,0.022898,0.014581,1.0,manual,s,
carta_073_frente_png.rf.VknyamTWtXcL9PXRrg7S,m19,0.834188,0.564954,0.029143,0.020656,1.0,manual,s,
carta_073_frente_png.rf.VknyamTWtXcL9PXRrg7S,m20,0.906420,0.611885,0.017902,0.015492,1.0,manual,s,
carta_073_frente_png.rf.VknyamTWtXcL9PXRrg7S,m21,0.949952,0.348282,0.043164,0.045666,1.0,manual,s,
carta_073_frente_png.rf.VknyamTWtXcL9PXRrg7S,m24,0.726217,0.039640,0.086329,0.030969,1.0,manual,s,
carta_073_frente_png.rf.VknyamTWtXcL9PXRrg7S,m25,0.663629,0.080582,0.125177,0.027820,1.0,manual,s,
carta_073_frente_png.rf.VknyamTWtXcL9PXRrg7S,m27,0.886332,0.842181,0.060714,0.050416,1.0,manual,s,
carta_073_frente_png.rf.VknyamTWtXcL9PXRrg7S,m28,0.259660,0.560348,0.017347,0.008965,1.0,manual,s,
carta_073_frente_png.rf.VknyamTWtXcL9PXRrg7S,m29,0.234724,0.556129,0.011805,0.008614,1.0,manual,s,
carta_073_frente_png.rf.VknyamTWtXcL9PXRrg7S,m38,0.660766,0.227614,0.032959,0.027339,1.0,manual,s,
carta_073_frente_png.rf.VknyamTWtXcL9PXRrg7S,m42,0.276146,0.080469,0.118652,0.032503,1.0,manual,s,
carta_073_frente_png.rf.VknyamTWtXcL9PXRrg7S,m43,0.419985,0.090341,0.044130,0.022478,1.0,manual,s,
carta_073_frente_png.rf.VknyamTWtXcL9PXRrg7S,m44,0.487221,0.120869,0.067028,0.022782,1.0,manual,s,
carta_073_frente_png.rf.VknyamTWtXcL9PXRrg7S,m46,0.314447,0.117376,0.011241,0.010328,1.0,manual,s,
carta_073_frente_png.rf.VknyamTWtXcL9PXRrg7S,m47,0.276770,0.114490,0.009992,0.006379,1.0,manual,s,
carta_073_frente_png.rf.VknyamTWtXcL9PXRrg7S,m48,0.647791,0.439477,0.013530,0.008353,1.0,manual,s,
carta_073_frente_png.rf.VknyamTWtXcL9PXRrg7S,m49,0.784484,0.443907,0.017000,0.009619,1.0,manual,s,
carta_073_frente_png.rf.VknyamTWtXcL9PXRrg7S,m50,0.511051,0.841371,0.019676,0.011573,1.0,manual,s,
carta_073_frente_png.rf.VknyamTWtXcL9PXRrg7S,m51,0.547491,0.847158,0.019475,0.008496,1.0,manual,s,
carta_073_verso_png.rf.PnB5cL8RvVWsMpBJ00oM,m3,0.269774,0.039996,0.024341,0.016960,1.0,manual,s,
carta_073_verso_png.rf.PnB5cL8RvVWsMpBJ00oM,m4,0.342101,0.094799,0.060504,0.027845,1.0,manual,s,
carta_073_verso_png.rf.PnB5cL8RvVWsMpBJ00oM,m5,0.190319,0.107583,0.029557,0.017973,1.0,manual,s,
carta_073_verso_png.rf.PnB5cL8RvVWsMpBJ00oM,m6,0.358907,0.052426,0.026551,0.013225,1.0,manual,s,
carta_073_verso_png.rf.PnB5cL8RvVWsMpBJ00oM,m7,0.328862,0.055478,0.022638,0.010376,1.0,manual,s,
carta_073_verso_png.rf.PnB5cL8RvVWsMpBJ00oM,m8,0.324141,0.243484,0.030185,0.021974,1.0,manual,s,
carta_073_verso_png.rf.PnB5cL8RvVWsMpBJ00oM,m9,0.288765,0.222037,0.016420,0.011075,1.0,manual,s,
carta_073_verso_png.rf.PnB5cL8RvVWsMpBJ00oM,m10,0.255199,0.214918,0.058437,0.028478,1.0,manual,s,
carta_073_verso_png.rf.PnB5cL8RvVWsMpBJ00oM,m11,0.168147,0.169477,0.017628,0.010020,1.0,manual,s,
carta_073_verso_png.rf.PnB5cL8RvVWsMpBJ00oM,m12,0.158729,0.193823,0.016179,0.007735,1.0,manual,s,
carta_073_verso_png.rf.PnB5cL8RvVWsMpBJ00oM,m13,0.381492,0.326632,0.056023,0.047287,1.0,manual,s,
carta_073_verso_png.rf.PnB5cL8RvVWsMpBJ00oM,m14,0.470838,0.297363,0.042500,0.025314,1.0,manual,s,
carta_073_verso_png.rf.PnB5cL8RvVWsMpBJ00oM,m15,0.565135,0.291298,0.041776,0.052912,1.0,manual,s,
carta_073_verso_png.rf.PnB5cL8RvVWsMpBJ00oM,m16,0.301442,0.332520,0.046122,0.016173,1.0,manual,s,
carta_073_verso_png.rf.PnB5cL8RvVWsMpBJ00oM,m17,0.190846,0.366799,0.095383,0.097387,1.0,manual,s,
carta_073_verso_png.rf.PnB5cL8RvVWsMpBJ00oM,m18,0.149070,0.233376,0.032599,0.023556,1.0,manual,s,
carta_073_verso_png.rf.PnB5cL8RvVWsMpBJ00oM,m19,0.124319,0.259568,0.038153,0.034455,1.0,manual,s,
carta_073_verso_png.rf.PnB5cL8RvVWsMpBJ00oM,m20,0.077256,0.129758,0.034612,0.025782,1.0,manual,s,
carta_073_verso_png.rf.PnB5cL8RvVWsMpBJ00oM,m21,0.059607,0.279084,0.035014,0.084730,1.0,manual,s,
carta_073_verso_png.rf.PnB5cL8RvVWsMpBJ00oM,m22,0.109432,0.485819,0.032116,0.019864,1.0,manual,s,
carta_073_verso_png.rf.PnB5cL8RvVWsMpBJ00oM,m23,0.223820,0.489043,0.023645,0.021516,1.0,manual,s,
carta_073_verso_png.rf.PnB5cL8RvVWsMpBJ00oM,m24,0.059402,0.707448,0.040246,0.018678,1.0,manual,s,
carta_073_verso_png.rf.PnB5cL8RvVWsMpBJ00oM,m25,0.061402,0.657209,0.028374,0.019337,1.0,manual,s,
carta_073_verso_png.rf.PnB5cL8RvVWsMpBJ00oM,m26,0.155774,0.690776,0.069257,0.054323,1.0,manual,s,
carta_073_verso_png.rf.PnB5cL8RvVWsMpBJ00oM,m27,0.203597,0.807671,0.026965,0.029152,1.0,manual,s,
carta_073_verso_png.rf.PnB5cL8RvVWsMpBJ00oM,m28,0.150070,0.854328,0.024148,0.013477,1.0,manual,s,
carta_073_verso_png.rf.PnB5cL8RvVWsMpBJ00oM,m29,0.105497,0.830743,0.025556,0.019630,1.0,manual,s,
carta_073_verso_png.rf.PnB5cL8RvVWsMpBJ00oM,m30,0.517094,0.799552,0.031593,0.022267,1.0,manual,s,
carta_073_verso_png.rf.PnB5cL8RvVWsMpBJ00oM,m31,0.582696,0.796916,0.019922,0.013770,1.0,manual,s,
carta_073_verso_png.rf.PnB5cL8RvVWsMpBJ00oM,m32,0.589236,0.832000,0.021733,0.017139,1.0,manual,s,
carta_073_verso_png.rf.PnB5cL8RvVWsMpBJ00oM,m33,0.562673,0.744472,0.027367,0.024024,1.0,manual,s,
carta_073_verso_png.rf.PnB5cL8RvVWsMpBJ00oM,m34,0.508240,0.737367,0.017507,0.010108,1.0,manual,s,
carta_073_verso_png.rf.PnB5cL8RvVWsMpBJ00oM,m35,0.596480,0.699206,0.026965,0.019923,1.0,manual,s,
carta_073_verso_png.rf.PnB5cL8RvVWsMpBJ00oM,m36,0.853814,0.824297,0.024953,0.019044,1.0,manual,s,
carta_073_verso_png.rf.PnB5cL8RvVWsMpBJ00oM,m37,0.749073,0.827374,0.040045,0.042775,1.0,manual,s,
carta_073_verso_png.rf.PnB5cL8RvVWsMpBJ00oM,m38,0.802701,0.838947,0.024148,0.024024,1.0,manual,s,
carta_073_verso_png.rf.PnB5cL8RvVWsMpBJ00oM,m39,0.936963,0.741736,0.020284,0.021622,1.0,manual,s,
carta_073_verso_png.rf.PnB5cL8RvVWsMpBJ00oM,m40,0.931409,0.797109,0.023665,0.024083,1.0,manual,s,
carta_073_verso_png.rf.PnB5cL8RvVWsMpBJ00oM,m41,0.464674,0.923513,0.027529,0.025534,1.0,manual,s,
carta_073_verso_png.rf.PnB5cL8RvVWsMpBJ00oM,m42,0.168167,0.920610,0.019145,0.016073,1.0,manual,s,
carta_073_verso_png.rf.PnB5cL8RvVWsMpBJ00oM,m43,0.239157,0.932920,0.025014,0.018922,1.0,manual,s,
carta_073_verso_png.rf.PnB5cL8RvVWsMpBJ00oM,m44,0.654954,0.191852,0.033678,0.030010,1.0,manual,s,
carta_073_verso_png.rf.PnB5cL8RvVWsMpBJ00oM,m45,0.611913,0.208281,0.025014,0.047813,1.0,manual,s,
carta_073_verso_png.rf.PnB5cL8RvVWsMpBJ00oM,m46,0.713919,0.222661,0.012693,0.007545,1.0,manual,s,
carta_073_verso_png.rf.PnB5cL8RvVWsMpBJ00oM,m47,0.744041,0.249197,0.011179,0.005493,1.0,manual,s,
carta_073_verso_png.rf.PnB5cL8RvVWsMpBJ00oM,m48,0.378079,0.180989,0.023309,0.016236,1.0,manual,s,
carta_073_verso_png.rf.PnB5cL8RvVWsMpBJ00oM,m49,0.462761,0.086803,0.026412,0.013327,1.0,manual,s,
carta_073_verso_png.rf.PnB5cL8RvVWsMpBJ00oM,m50,0.597329,0.045271,0.041856,0.024464,1.0,manual,s,
carta_073_verso_png.rf.PnB5cL8RvVWsMpBJ00oM,m52,0.834831,0.040693,0.013583,0.011109,1.0,manual,s,
carta_073_verso_png.rf.PnB5cL8RvVWsMpBJ00oM,m53,0.786962,0.415717,0.038636,0.038234,1.0,manual,s,
carta_073_verso_png.rf.PnB5cL8RvVWsMpBJ00oM,m54,0.731020,0.403851,0.026160,0.018311,1.0,manual,s,
carta_073_verso_png.rf.PnB5cL8RvVWsMpBJ00oM,m55,0.674474,0.365178,0.020928,0.018897,1.0,manual,s,
carta_073_verso_png.rf.PnB5cL8RvVWsMpBJ00oM,m56,0.854676,0.456221,0.031996,0.021681,1.0,manual,s,
carta_073_verso_png.rf.PnB5cL8RvVWsMpBJ00oM,m57,0.844899,0.608287,0.058518,0.026704,1.0,manual,s,
carta_073_verso_png.rf.PnB5cL8RvVWsMpBJ00oM,m58,0.792574,0.666120,0.023058,0.013988,1.0,manual,s,
carta_073_verso_png.rf.PnB5cL8RvVWsMpBJ00oM,m59,0.741510,0.675403,0.038779,0.027297,1.0,manual,s,
carta_073_verso_png.rf.PnB5cL8RvVWsMpBJ00oM,m60,0.658104,0.775366,0.029579,0.022380,1.0,manual,s,
carta_073_verso_png.rf.PnB5cL8RvVWsMpBJ00oM,m61,0.772464,0.731230,0.012297,0.010783,1.0,manual,s,
carta_073_verso_png.rf.PnB5cL8RvVWsMpBJ00oM,m62,0.786229,0.779704,0.027250,0.019837,1.0,manual,s,
carta_073_verso_png.rf.PnB5cL8RvVWsMpBJ00oM,m63,0.830109,0.788656,0.026132,0.019837,1.0,manual,s,
carta_073_verso_png.rf.PnB5cL8RvVWsMpBJ00oM,m64,0.506450,0.953666,0.040246,0.020855,1.0,manual,s,
carta_073_verso_png.rf.PnB5cL8RvVWsMpBJ00oM,m65,0.585126,0.959312,0.059810,0.012614,1.0,manual,s,
carta_073_verso_png.rf.PnB5cL8RvVWsMpBJ00oM,m66,0.739752,0.954734,0.090694,0.020549,1.0,manual,s,
carta_073_verso_png.rf.PnB5cL8RvVWsMpBJ00oM,m67,0.589574,0.636388,0.027971,0.027247,1.0,manual,s,
carta_073_verso_png.rf.PnB5cL8RvVWsMpBJ00oM,m69,0.439082,0.434571,0.043224,0.033751,1.0,manual,s,
carta_073_verso_png.rf.PnB5cL8RvVWsMpBJ00oM,m70,0.421816,0.464367,0.042500,0.026544,1.0,manual,s,
carta_073_verso_png.rf.PnB5cL8RvVWsMpBJ00oM,m71,0.337903,0.455841,0.039844,0.022149,1.0,manual,s,
carta_073_verso_png.rf.PnB5cL8RvVWsMpBJ00oM,m72,0.359877,0.402753,0.033565,0.021095,1.0,manual,s,
carta_074_frente_png.rf.eU0462q0UivsPEWzKNwM,m4,0.227889,0.823728,0.021927,0.027423,1.0,manual,s,
carta_074_frente_png.rf.eU0462q0UivsPEWzKNwM,m7,0.134699,0.692204,0.089440,0.058854,1.0,manual,s,
carta_074_frente_png.rf.eU0462q0UivsPEWzKNwM,m8,0.219811,0.703911,0.036353,0.041345,1.0,manual,s,
carta_074_frente_png.rf.eU0462q0UivsPEWzKNwM,m9,0.335505,0.642631,0.025966,0.018352,1.0,manual,s,
carta_074_frente_png.rf.eU0462q0UivsPEWzKNwM,m10,0.479619,0.653706,0.109347,0.041345,1.0,manual,s,
carta_074_frente_png.rf.eU0462q0UivsPEWzKNwM,m11,0.582186,0.669421,0.077322,0.087965,1.0,manual,s,
carta_074_frente_png.rf.eU0462q0UivsPEWzKNwM,m12,0.550594,0.748210,0.029140,0.030798,1.0,manual,s,
carta_074_frente_png.rf.eU0462q0UivsPEWzKNwM,m13,0.474714,0.734076,0.029717,0.016032,1.0,manual,s,
carta_074_frente_png.rf.eU0462q0UivsPEWzKNwM,m14,0.509480,0.807169,0.070975,0.053369,1.0,manual,s,
carta_074_frente_png.rf.eU0462q0UivsPEWzKNwM,m15,0.569347,0.798837,0.022216,0.024892,1.0,manual,s,
carta_074_frente_png.rf.eU0462q0UivsPEWzKNwM,m16,0.589255,0.860328,0.071840,0.043244,1.0,manual,s,
carta_074_frente_png.rf.eU0462q0UivsPEWzKNwM,m17,0.485533,0.863808,0.050779,0.023626,1.0,manual,s,
carta_074_frente_png.rf.eU0462q0UivsPEWzKNwM,m18,0.696871,0.848198,0.021062,0.016454,1.0,manual,s,
carta_074_frente_png.rf.eU0462q0UivsPEWzKNwM,m19,0.862334,0.788711,0.024235,0.014766,1.0,manual,s,
carta_074_frente_png.rf.eU0462q0UivsPEWzKNwM,m20,0.910084,0.836913,0.021639,0.022993,1.0,manual,s,
carta_074_frente_png.rf.eU0462q0UivsPEWzKNwM,m21,0.888733,0.847671,0.017599,0.024259,1.0,manual,s,
carta_074_frente_png.rf.eU0462q0UivsPEWzKNwM,m23,0.911918,0.380179,0.025245,0.026544,1.0,manual,s,
carta_074_frente_png.rf.eU0462q0UivsPEWzKNwM,m26,0.704908,0.325333,0.072850,0.066272,1.0,manual,s,
carta_074_frente_png.rf.eU0462q0UivsPEWzKNwM,m27,0.785813,0.147874,0.055299,0.039728,1.0,manual,s,
carta_074_frente_png.rf.eU0462q0UivsPEWzKNwM,m29,0.897372,0.157631,0.043758,0.101430,1.0,manual,s,
carta_074_frente_png.rf.eU0462q0UivsPEWzKNwM,m30,0.862029,0.095841,0.059626,0.035861,1.0,manual,s,
carta_074_frente_png.rf.eU0462q0UivsPEWzKNwM,m31,0.675696,0.108586,0.091844,0.041310,1.0,manual,s,
carta_074_frente_png.rf.eU0462q0UivsPEWzKNwM,m34,0.340658,0.160531,0.120936,0.043244,1.0,manual,s,
carta_074_frente_png.rf.eU0462q0UivsPEWzKNwM,m40,0.088928,0.382903,0.023322,0.040080,1.0,manual,s,
carta_074_frente_png.rf.eU0462q0UivsPEWzKNwM,m41,0.102392,0.301162,0.054097,0.048518,1.0,manual,s,
carta_074_frente_png.rf.eU0462q0UivsPEWzKNwM,m42,0.093016,0.255721,0.036305,0.024435,1.0,manual,s,
carta_074_frente_png.rf.eU0462q0UivsPEWzKNwM,m45,0.243524,0.051015,0.019956,0.010547,1.0,manual,s,
carta_074_frente_png.rf.eU0462q0UivsPEWzKNwM,m46,0.331401,0.058310,0.076937,0.026192,1.0,manual,s,
carta_074_frente_png.rf.eU0462q0UivsPEWzKNwM,m47,0.538291,0.047236,0.055539,0.011426,1.0,manual,s,
carta_074_frente_png.rf.eU0462q0UivsPEWzKNwM,m48,0.662473,0.050048,0.145700,0.023028,1.0,manual,s,
carta_074_frente_png.rf.eU0462q0UivsPEWzKNwM,m49,0.812260,0.051454,0.044720,0.022677,1.0,manual,s,
carta_074_frente_png.rf.eU0462q0UivsPEWzKNwM,m50,0.969675,0.306394,0.006203,0.157974,1.0,manual,s,
carta_074_frente_png.rf.eU0462q0UivsPEWzKNwM,m51,0.615357,0.431053,0.057503,0.017286,1.0,manual,s,
carta_074_frente_png.rf.eU0462q0UivsPEWzKNwM,m52,0.627379,0.387253,0.021038,0.014063,1.0,manual,s,
carta_074_frente_png.rf.eU0462q0UivsPEWzKNwM,m53,0.560359,0.420359,0.025646,0.017872,1.0,manual,s,
carta_074_frente_png.rf.eU0462q0UivsPEWzKNwM,m54,0.591114,0.415818,0.018233,0.008789,1.0,manual,s,
carta_074_frente_png.rf.eU0462q0UivsPEWzKNwM,m55,0.570878,0.395529,0.025846,0.015381,1.0,manual,s,
carta_074_frente_png.rf.eU0462q0UivsPEWzKNwM,m56,0.611450,0.367403,0.026447,0.008643,1.0,manual,s,
carta_074_frente_png.rf.eU0462q0UivsPEWzKNwM,m57,0.662742,0.376193,0.017231,0.008057,1.0,manual,s,
carta_074_frente_png.rf.eU0462q0UivsPEWzKNwM,m58,0.589611,0.340009,0.008415,0.006592,1.0,manual,s,
carta_074_frente_png.rf.eU0462q0UivsPEWzKNwM,m59,0.570377,0.309539,0.021238,0.009522,1.0,manual,s,
carta_074_frente_png.rf.eU0462q0UivsPEWzKNwM,m60,0.609747,0.335468,0.011020,0.012452,1.0,manual,s,
carta_074_frente_png.rf.eU0462q0UivsPEWzKNwM,m61,0.628481,0.328730,0.008014,0.005713,1.0,manual,s,
carta_074_frente_png.rf.eU0462q0UivsPEWzKNwM,m62,0.668352,0.439476,0.009617,0.008936,1.0,manual,s,
carta_074_frente_png.rf.eU0462q0UivsPEWzKNwM,m63,0.666549,0.472070,0.020837,0.013770,1.0,manual,s,
carta_074_frente_png.rf.eU0462q0UivsPEWzKNwM,m64,0.430928,0.481519,0.018032,0.009815,1.0,manual,s,
carta_074_frente_png.rf.eU0462q0UivsPEWzKNwM,m66,0.400574,0.416917,0.031857,0.027980,1.0,manual,s,
carta_074_frente_png.rf.eU0462q0UivsPEWzKNwM,m68,0.467794,0.548685,0.010819,0.009082,1.0,manual,s,
carta_074_frente_png.rf.eU0462q0UivsPEWzKNwM,m69,0.435436,0.542972,0.017431,0.010840,1.0,manual,s,
carta_074_frente_png.rf.eU0462q0UivsPEWzKNwM,m70,0.540423,0.537332,0.011020,0.005420,1.0,manual,s,
carta_074_frente_png.rf.eU0462q0UivsPEWzKNwM,m71,0.537017,0.553519,0.017431,0.006739,1.0,manual,s,
carta_074_frente_png.rf.eU0462q0UivsPEWzKNwM,m72,0.535014,0.567436,0.013825,0.007617,1.0,manual,s,
carta_074_frente_png.rf.eU0462q0UivsPEWzKNwM,m74,0.728330,0.553340,0.021038,0.022413,1.0,manual,s,
carta_074_frente_png.rf.eU0462q0UivsPEWzKNwM,m75,0.665618,0.641601,0.019034,0.012305,1.0,manual,s,
carta_074_frente_png.rf.eU0462q0UivsPEWzKNwM,m76,0.635665,0.667896,0.015628,0.008057,1.0,manual,s,
carta_074_frente_png.rf.eU0462q0UivsPEWzKNwM,m77,0.133062,0.574278,0.032025,0.025946,1.0,manual,s,
carta_074_frente_png.rf.eU0462q0UivsPEWzKNwM,m78,0.077956,0.562887,0.040681,0.076995,1.0,manual,s,
carta_074_frente_png.rf.eU0462q0UivsPEWzKNwM,m79,0.138111,0.503928,0.019619,0.034595,1.0,manual,s,
carta_074_frente_png.rf.eU0462q0UivsPEWzKNwM,m80,0.348812,0.953439,0.047365,0.025138,1.0,manual,s,
carta_074_frente_png.rf.eU0462q0UivsPEWzKNwM,m81,0.465180,0.950803,0.022841,0.016700,1.0,manual,s,
carta_074_frente_png.rf.eU0462q0UivsPEWzKNwM,m84,0.626989,0.945617,0.012743,0.009844,1.0,manual,s,
carta_074_frente_png.rf.eU0462q0UivsPEWzKNwM,m85,0.660409,0.941574,0.009858,0.009493,1.0,manual,s,
carta_074_frente_png.rf.eU0462q0UivsPEWzKNwM,m86,0.708495,0.957834,0.023322,0.010723,1.0,manual,s,
carta_074_frente_png.rf.eU0462q0UivsPEWzKNwM,m88,0.859484,0.952473,0.015628,0.008086,1.0,manual,s,
carta_074_frente_png.rf.eU0462q0UivsPEWzKNwM,m92,0.371358,0.106470,0.013272,0.008438,1.0,manual,s,
carta_074_frente_png.rf.eU0462q0UivsPEWzKNwM,m93,0.560191,0.086325,0.027409,0.014133,1.0,manual,s,
carta_074_frente_png.rf.eU0462q0UivsPEWzKNwM,m95,0.898879,0.250445,0.039469,0.032199,1.0,manual,s,
carta_074_frente_png.rf.eU0462q0UivsPEWzKNwM,m96,0.854395,0.292879,0.010714,0.010478,1.0,manual,s,
carta_074_frente_png.rf.eU0462q0UivsPEWzKNwM,m99,0.901032,0.417510,0.020704,0.019654,1.0,manual,s,
carta_074_verso_png.rf.2LPEH8fr4MNMrDSZCMTJ,m5,0.595224,0.630132,0.033971,0.015399,1.0,manual,s,
carta_074_verso_png.rf.2LPEH8fr4MNMrDSZCMTJ,m6,0.565715,0.647851,0.019864,0.017087,1.0,manual,s,
carta_074_verso_png.rf.2LPEH8fr4MNMrDSZCMTJ,m7,0.465387,0.581403,0.039728,0.035228,1.0,manual,s,
carta_074_verso_png.rf.2LPEH8fr4MNMrDSZCMTJ,m9,0.407521,0.625913,0.036850,0.018352,1.0,manual,s,
carta_074_verso_png.rf.2LPEH8fr4MNMrDSZCMTJ,m10,0.421340,0.682236,0.044335,0.024681,1.0,manual,s,
carta_074_verso_png.rf.2LPEH8fr4MNMrDSZCMTJ,m14,0.291934,0.770727,0.051532,0.021938,1.0,manual,s,
carta_074_verso_png.rf.2LPEH8fr4MNMrDSZCMTJ,m15,0.382619,0.819983,0.039441,0.041134,1.0,manual,s,
carta_074_verso_png.rf.2LPEH8fr4MNMrDSZCMTJ,m16,0.473304,0.783279,0.038289,0.018774,1.0,manual,s,
carta_074_verso_png.rf.2LPEH8fr4MNMrDSZCMTJ,m17,0.446530,0.817663,0.023895,0.014977,1.0,manual,s,
carta_074_verso_png.rf.2LPEH8fr4MNMrDSZCMTJ,m18,0.474887,0.841816,0.032243,0.022360,1.0,manual,s,
carta_074_verso_png.rf.2LPEH8fr4MNMrDSZCMTJ,m19,0.608755,0.811756,0.038577,0.024681,1.0,manual,s,
carta_074_verso_png.rf.2LPEH8fr4MNMrDSZCMTJ,m20,0.620126,0.767669,0.037713,0.033962,1.0,manual,s,
carta_074_verso_png.rf.2LPEH8fr4MNMrDSZCMTJ,m21,0.722182,0.784333,0.039728,0.023415,1.0,manual,s,
carta_074_verso_png.rf.2LPEH8fr4MNMrDSZCMTJ,m22,0.788684,0.794564,0.036850,0.026579,1.0,manual,s,
carta_074_verso_png.rf.2LPEH8fr4MNMrDSZCMTJ,m23,0.908445,0.784861,0.026486,0.024048,1.0,manual,s,
carta_074_verso_png.rf.2LPEH8fr4MNMrDSZCMTJ,m28,0.750107,0.910057,0.055850,0.031009,1.0,manual,s,
carta_074_verso_png.rf.2LPEH8fr4MNMrDSZCMTJ,m29,0.513752,0.947395,0.062184,0.026790,1.0,manual,s,
carta_074_verso_png.rf.2LPEH8fr4MNMrDSZCMTJ,m31,0.281283,0.883900,0.059017,0.026368,1.0,manual,s,
carta_074_verso_png.rf.2LPEH8fr4MNMrDSZCMTJ,m47,0.713546,0.215517,0.018425,0.018985,1.0,manual,s,
carta_074_verso_png.rf.2LPEH8fr4MNMrDSZCMTJ,m48,0.604868,0.228491,0.026774,0.019196,1.0,manual,s,
carta_074_verso_png.rf.2LPEH8fr4MNMrDSZCMTJ,m49,0.523108,0.198325,0.009500,0.006961,1.0,manual,s,
carta_074_verso_png.rf.2LPEH8fr4MNMrDSZCMTJ,m50,0.539518,0.215201,0.032531,0.014133,1.0,manual,s,
carta_074_verso_png.rf.2LPEH8fr4MNMrDSZCMTJ,m51,0.509289,0.185669,0.015258,0.014555,1.0,manual,s,
carta_074_verso_png.rf.2LPEH8fr4MNMrDSZCMTJ,m52,0.438901,0.211931,0.017849,0.012657,1.0,manual,s,
carta_074_verso_png.rf.2LPEH8fr4MNMrDSZCMTJ,m53,0.395286,0.161937,0.022743,0.034173,1.0,manual,s,
carta_074_verso_png.rf.2LPEH8fr4MNMrDSZCMTJ,m55,0.597239,0.125022,0.025334,0.019407,1.0,manual,s,
carta_074_verso_png.rf.2LPEH8fr4MNMrDSZCMTJ,m64,0.252926,0.161515,0.054699,0.021938,1.0,manual,s,
carta_074_verso_png.rf.2LPEH8fr4MNMrDSZCMTJ,m66,0.387657,0.124705,0.040880,0.019618,1.0,manual,s,
carta_074_verso_png.rf.2LPEH8fr4MNMrDSZCMTJ,m70,0.419325,0.412436,0.048365,0.030587,1.0,manual,s,
carta_074_verso_png.rf.2LPEH8fr4MNMrDSZCMTJ,m71,0.433719,0.452832,0.040304,0.039658,1.0,manual,s,
carta_074_verso_png.rf.2LPEH8fr4MNMrDSZCMTJ,m74,0.479061,0.406635,0.058441,0.039236,1.0,manual,s,
carta_074_verso_png.rf.2LPEH8fr4MNMrDSZCMTJ,m78,0.860512,0.195267,0.031956,0.032486,1.0,manual,s,
carta_074_verso_png.rf.2LPEH8fr4MNMrDSZCMTJ,m80,0.947310,0.083887,0.009788,0.016032,1.0,manual,s,
carta_074_verso_png.rf.2LPEH8fr4MNMrDSZCMTJ,m81,0.562091,0.742259,0.043663,0.017403,1.0,manual,s,
carta_074_verso_png.rf.2LPEH8fr4MNMrDSZCMTJ,m82,0.615350,0.731799,0.042703,0.027775,1.0,manual,s,
carta_074_verso_png.rf.2LPEH8fr4MNMrDSZCMTJ,m86,0.935865,0.712375,0.034546,0.074710,1.0,manual,s,
carta_074_verso_png.rf.2LPEH8fr4MNMrDSZCMTJ,m90,0.449631,0.261909,0.050092,0.025060,1.0,manual,s,
carta_074_verso_png.rf.2LPEH8fr4MNMrDSZCMTJ,m91,0.396948,0.242038,0.032474,0.020251,1.0,manual,s,
carta_074_verso_png.rf.2LPEH8fr4MNMrDSZCMTJ,m92,0.340983,0.247480,0.042147,0.022023,1.0,manual,s,
carta_074_verso_png.rf.2LPEH8fr4MNMrDSZCMTJ,m93,0.707176,0.127620,0.046983,0.027845,1.0,manual,s,
carta_074_verso_png.rf.2LPEH8fr4MNMrDSZCMTJ,m94,0.662783,0.189385,0.030055,0.033414,1.0,manual,s,
carta_075_frente_png.rf.oarglF0vdkYHYiLsiRp1,m1,0.319145,0.736387,0.023151,0.017509,1.0,manual,s,
carta_075_frente_png.rf.oarglF0vdkYHYiLsiRp1,m11,0.784242,0.464815,0.029517,0.030123,1.0,manual,s,
carta_075_frente_png.rf.oarglF0vdkYHYiLsiRp1,m12,0.362210,0.378376,0.036656,0.025314,1.0,manual,s,
carta_075_frente_png.rf.oarglF0vdkYHYiLsiRp1,m13,0.357026,0.337505,0.082234,0.039201,1.0,manual,s,
carta_075_frente_png.rf.oarglF0vdkYHYiLsiRp1,m14,0.478447,0.320981,0.038585,0.036740,1.0,manual,s,
carta_075_frente_png.rf.oarglF0vdkYHYiLsiRp1,m15,0.437813,0.381364,0.048955,0.027775,1.0,manual,s,
carta_075_frente_png.rf.oarglF0vdkYHYiLsiRp1,m16,0.423343,0.414588,0.031109,0.018634,1.0,manual,s,
carta_075_frente_png.rf.oarglF0vdkYHYiLsiRp1,m17,0.393561,0.428915,0.049196,0.026896,1.0,manual,s,
carta_075_frente_png.rf.oarglF0vdkYHYiLsiRp1,m18,0.460963,0.435947,0.035450,0.017051,1.0,manual,s,
carta_075_frente_png.rf.oarglF0vdkYHYiLsiRp1,m19,0.449509,0.454317,0.024598,0.014766,1.0,manual,s,
carta_075_frente_png.rf.oarglF0vdkYHYiLsiRp1,m21,0.615544,0.394285,0.026286,0.021270,1.0,manual,s,
carta_075_frente_png.rf.oarglF0vdkYHYiLsiRp1,m22,0.570327,0.391033,0.017845,0.012305,1.0,manual,s,
carta_075_frente_png.rf.oarglF0vdkYHYiLsiRp1,m23,0.429734,0.239767,0.029903,0.021622,1.0,manual,s,
carta_075_frente_png.rf.oarglF0vdkYHYiLsiRp1,m24,0.251520,0.197841,0.025562,0.016876,1.0,manual,s,
carta_075_frente_png.rf.oarglF0vdkYHYiLsiRp1,m25,0.262854,0.099224,0.019775,0.013711,1.0,manual,s,
carta_075_frente_png.rf.oarglF0vdkYHYiLsiRp1,m26,0.231866,0.071098,0.017604,0.011954,1.0,manual,s,
carta_075_frente_png.rf.oarglF0vdkYHYiLsiRp1,m28,0.073427,0.136755,0.014710,0.012481,1.0,manual,s,
carta_075_frente_png.rf.oarglF0vdkYHYiLsiRp1,m31,0.064504,0.192480,0.019534,0.011075,1.0,manual,s,
carta_075_frente_png.rf.oarglF0vdkYHYiLsiRp1,m32,0.075838,0.296546,0.048472,0.032169,1.0,manual,s,
carta_075_frente_png.rf.oarglF0vdkYHYiLsiRp1,m33,0.136248,0.313071,0.031833,0.041310,1.0,manual,s,
carta_075_frente_png.rf.oarglF0vdkYHYiLsiRp1,m35,0.828201,0.352789,0.061294,0.016553,1.0,manual,s,
carta_075_frente_png.rf.oarglF0vdkYHYiLsiRp1,m36,0.779668,0.318877,0.023714,0.010547,1.0,manual,s,
carta_075_frente_png.rf.oarglF0vdkYHYiLsiRp1,m37,0.661274,0.435564,0.045434,0.033540,1.0,manual,s,
carta_075_frente_png.rf.oarglF0vdkYHYiLsiRp1,m38,0.700920,0.414153,0.022283,0.022360,1.0,manual,s,
carta_075_frente_png.rf.oarglF0vdkYHYiLsiRp1,m39,0.683267,0.402446,0.034437,0.021727,1.0,manual,s,
carta_075_frente_png.rf.oarglF0vdkYHYiLsiRp1,m40,0.743026,0.431873,0.020836,0.018985,1.0,manual,s,
carta_075_frente_png.rf.oarglF0vdkYHYiLsiRp1,m41,0.771820,0.391582,0.015916,0.018985,1.0,manual,s,
carta_075_frente_png.rf.oarglF0vdkYHYiLsiRp1,m43,0.535680,0.500219,0.217908,0.016454,1.0,manual,s,
carta_075_frente_png.rf.oarglF0vdkYHYiLsiRp1,m44,0.760678,0.501485,0.193889,0.010969,1.0,manual,s,
carta_075_frente_png.rf.oarglF0vdkYHYiLsiRp1,m45,0.179393,0.411975,0.050006,0.112088,1.0,manual,s,
carta_075_frente_png.rf.oarglF0vdkYHYiLsiRp1,m47,0.346254,0.157042,0.183702,0.020201,1.0,manual,s,
carta_075_frente_png.rf.oarglF0vdkYHYiLsiRp1,m48,0.216690,0.231084,0.113764,0.063183,1.0,manual,s,
carta_075_frente_png.rf.oarglF0vdkYHYiLsiRp1,m49,0.827961,0.093730,0.013264,0.011075,1.0,manual,s,
carta_075_frente_png.rf.oarglF0vdkYHYiLsiRp1,m50,0.766346,0.088983,0.013505,0.010020,1.0,manual,s,
carta_075_frente_png.rf.oarglF0vdkYHYiLsiRp1,m51,0.784915,0.080897,0.014469,0.008614,1.0,manual,s,
carta_075_frente_png.rf.oarglF0vdkYHYiLsiRp1,m52,0.941304,0.105156,0.020498,0.030060,1.0,manual,s,
carta_075_frente_png.rf.oarglF0vdkYHYiLsiRp1,m53,0.880171,0.129239,0.027009,0.017755,1.0,manual,s,
carta_075_frente_png.rf.oarglF0vdkYHYiLsiRp1,m54,0.839054,0.137237,0.020016,0.009141,1.0,manual,s,
carta_075_frente_png.rf.oarglF0vdkYHYiLsiRp1,m55,0.911160,0.166506,0.017122,0.011426,1.0,manual,s,
carta_075_frente_png.rf.oarglF0vdkYHYiLsiRp1,m56,0.915542,0.754789,0.025120,0.028273,1.0,manual,s,
carta_075_frente_png.rf.oarglF0vdkYHYiLsiRp1,m57,0.893537,0.724539,0.024919,0.022852,1.0,manual,s,
carta_075_frente_png.rf.oarglF0vdkYHYiLsiRp1,m58,0.835941,0.627855,0.025804,0.018809,1.0,manual,s,
carta_075_frente_png.rf.oarglF0vdkYHYiLsiRp1,m59,0.890683,0.577141,0.047508,0.024259,1.0,manual,s,
carta_075_frente_png.rf.oarglF0vdkYHYiLsiRp1,m60,0.757927,0.571252,0.038103,0.028302,1.0,manual,s,
carta_075_frente_png.rf.oarglF0vdkYHYiLsiRp1,m61,0.678828,0.564220,0.027492,0.012833,1.0,manual,s,
carta_075_frente_png.rf.oarglF0vdkYHYiLsiRp1,m62,0.567544,0.751135,0.036776,0.037795,1.0,manual,s,
carta_075_frente_png.rf.oarglF0vdkYHYiLsiRp1,m63,0.743987,0.861610,0.045217,0.020948,1.0,manual,s,
carta_075_frente_png.rf.oarglF0vdkYHYiLsiRp1,m65,0.225480,0.791239,0.036173,0.020040,1.0,manual,s,
carta_075_frente_png.rf.oarglF0vdkYHYiLsiRp1,m67,0.764192,0.944228,0.031819,0.015992,1.0,manual,s,
carta_075_frente_png.rf.oarglF0vdkYHYiLsiRp1,m71,0.910641,0.852044,0.010129,0.012129,1.0,manual,s,
carta_075_frente_png.rf.oarglF0vdkYHYiLsiRp1,m72,0.916549,0.902847,0.010370,0.006856,1.0,manual,s,
carta_075_frente_png.rf.oarglF0vdkYHYiLsiRp1,m73,0.573264,0.948112,0.032315,0.011250,1.0,manual,s,
carta_075_frente_png.rf.oarglF0vdkYHYiLsiRp1,m75,0.381063,0.942399,0.028939,0.014239,1.0,manual,s,
carta_075_frente_png.rf.oarglF0vdkYHYiLsiRp1,m78,0.137376,0.947761,0.039791,0.018985,1.0,manual,s,
carta_075_frente_png.rf.oarglF0vdkYHYiLsiRp1,m79,0.117239,0.825939,0.020257,0.013711,1.0,manual,s,
carta_075_frente_png.rf.oarglF0vdkYHYiLsiRp1,m80,0.084442,0.784014,0.027492,0.025841,1.0,manual,s,
carta_075_frente_png.rf.oarglF0vdkYHYiLsiRp1,m81,0.081690,0.674438,0.038585,0.022852,1.0,manual,s,
carta_075_frente_png.rf.oarglF0vdkYHYiLsiRp1,m82,0.227589,0.672607,0.008039,0.008936,1.0,manual,s,
carta_075_frente_png.rf.oarglF0vdkYHYiLsiRp1,m83,0.256929,0.638548,0.008842,0.007617,1.0,manual,s,
carta_075_frente_png.rf.oarglF0vdkYHYiLsiRp1,m84,0.279236,0.638255,0.012058,0.008203,1.0,manual,s,
carta_075_frente_png.rf.oarglF0vdkYHYiLsiRp1,m85,0.759721,0.532510,0.022427,0.009493,1.0,manual,s,
carta_075_frente_png.rf.oarglF0vdkYHYiLsiRp1,m86,0.801802,0.542266,0.016881,0.006504,1.0,manual,s,
carta_075_frente_png.rf.oarglF0vdkYHYiLsiRp1,m87,0.082859,0.376324,0.035016,0.028900,1.0,manual,s,
carta_075_frente_png.rf.oarglF0vdkYHYiLsiRp1,m88,0.443279,0.536383,0.018521,0.013922,1.0,manual,s,
carta_075_frente_png.rf.oarglF0vdkYHYiLsiRp1,m89,0.180310,0.550969,0.012058,0.016968,1.0,manual,s,
carta_075_frente_png.rf.oarglF0vdkYHYiLsiRp1,m90,0.098250,0.519596,0.029475,0.018922,1.0,manual,s,
carta_075_frente_png.rf.oarglF0vdkYHYiLsiRp1,m91,0.141890,0.467725,0.016881,0.056780,1.0,manual,s,
carta_075_frente_png.rf.oarglF0vdkYHYiLsiRp1,m92,0.637773,0.042163,0.064308,0.037502,1.0,manual,s,
carta_075_verso_png.rf.fotz0bSWgjR9LfOixu0z,m1,0.339388,0.822237,0.021413,0.022218,1.0,manual,s,
carta_075_verso_png.rf.fotz0bSWgjR9LfOixu0z,m2,0.354946,0.885228,0.038811,0.033937,1.0,manual,s,
carta_075_verso_png.rf.fotz0bSWgjR9LfOixu0z,m4,0.066257,0.886396,0.034689,0.017298,1.0,manual,s,
carta_075_verso_png.rf.fotz0bSWgjR9LfOixu0z,m5,0.214986,0.925316,0.038447,0.026790,1.0,manual,s,
carta_075_verso_png.rf.fotz0bSWgjR9LfOixu0z,m8,0.832304,0.706037,0.049721,0.043033,1.0,manual,s,
carta_075_verso_png.rf.fotz0bSWgjR9LfOixu0z,m10,0.685165,0.790416,0.017923,0.012235,1.0,manual,s,
carta_075_verso_png.rf.fotz0bSWgjR9LfOixu0z,m11,0.833316,0.802440,0.015321,0.021095,1.0,manual,s,
carta_075_verso_png.rf.fotz0bSWgjR9LfOixu0z,m12,0.843722,0.834714,0.043650,0.026157,1.0,manual,s,
carta_075_verso_png.rf.fotz0bSWgjR9LfOixu0z,m13,0.886505,0.496251,0.069089,0.122138,1.0,manual,s,
carta_075_verso_png.rf.fotz0bSWgjR9LfOixu0z,m16,0.609139,0.071511,0.039314,0.028267,1.0,manual,s,
carta_075_verso_png.rf.fotz0bSWgjR9LfOixu0z,m19,0.360390,0.068769,0.032087,0.016876,1.0,manual,s,
carta_075_verso_png.rf.fotz0bSWgjR9LfOixu0z,m25,0.155148,0.319373,0.059838,0.047252,1.0,manual,s,
carta_075_verso_png.rf.fotz0bSWgjR9LfOixu0z,m34,0.565489,0.451665,0.041916,0.035685,1.0,manual,s,
carta_075_verso_png.rf.fotz0bSWgjR9LfOixu0z,m35,0.540074,0.503786,0.109126,0.055901,1.0,manual,s,
carta_075_verso_png.rf.fotz0bSWgjR9LfOixu0z,m37,0.410473,0.447710,0.039266,0.030587,1.0,manual,s,
carta_075_verso_png.rf.fotz0bSWgjR9LfOixu0z,m38,0.340974,0.456499,0.045770,0.030236,1.0,manual,s,
carta_075_verso_png.rf.fotz0bSWgjR9LfOixu0z,m45,0.186841,0.764236,0.017055,0.018141,1.0,manual,s,
carta_075_verso_png.rf.fotz0bSWgjR9LfOixu0z,m46,0.204185,0.809168,0.035556,0.034173,1.0,manual,s,
carta_075_verso_png.rf.fotz0bSWgjR9LfOixu0z,m47,0.142034,0.806215,0.049432,0.036283,1.0,manual,s,
carta_075_verso_png.rf.fotz0bSWgjR9LfOixu0z,m48,0.507279,0.802523,0.031798,0.022571,1.0,manual,s,
carta_075_verso_png.rf.fotz0bSWgjR9LfOixu0z,m50,0.559690,0.862996,0.023281,0.016480,1.0,manual,s,
carta_075_verso_png.rf.fotz0bSWgjR9LfOixu0z,m52,0.248360,0.878041,0.065644,0.049953,1.0,manual,s,
carta_075_verso_png.rf.fotz0bSWgjR9LfOixu0z,m53,0.412351,0.715694,0.082964,0.020884,1.0,manual,s,
carta_076_frente_png.rf.FF0DALXiIFM1AKVK3yes,m1,0.519730,0.237577,0.027774,0.010020,1.0,manual,s,
carta_076_frente_png.rf.FF0DALXiIFM1AKVK3yes,m2,0.452469,0.200309,0.039608,0.026896,1.0,manual,s,
carta_076_frente_png.rf.FF0DALXiIFM1AKVK3yes,m6,0.265967,0.422444,0.258412,0.041409,1.0,manual,s,
carta_076_frente_png.rf.FF0DALXiIFM1AKVK3yes,m9,0.533143,0.453865,0.079627,0.037910,1.0,manual,s,
carta_076_frente_png.rf.FF0DALXiIFM1AKVK3yes,m10,0.685803,0.161950,0.062099,0.024908,1.0,manual,s,
carta_076_frente_png.rf.FF0DALXiIFM1AKVK3yes,m11,0.646199,0.231420,0.127453,0.041372,1.0,manual,s,
carta_076_frente_png.rf.FF0DALXiIFM1AKVK3yes,m15,0.647325,0.375494,0.050581,0.049574,1.0,manual,s,
carta_076_frente_png.rf.FF0DALXiIFM1AKVK3yes,m16,0.463282,0.093360,0.072115,0.048845,1.0,manual,s,
carta_076_frente_png.rf.FF0DALXiIFM1AKVK3yes,m17,0.588732,0.088621,0.029547,0.022600,1.0,manual,s,
carta_076_frente_png.rf.FF0DALXiIFM1AKVK3yes,m18,0.168854,0.109459,0.091396,0.037059,1.0,manual,s,
carta_076_frente_png.rf.FF0DALXiIFM1AKVK3yes,m20,0.062226,0.135887,0.032552,0.027339,1.0,manual,s,
carta_076_frente_png.rf.FF0DALXiIFM1AKVK3yes,m21,0.255451,0.035797,0.017528,0.018530,1.0,manual,s,
carta_076_frente_png.rf.FF0DALXiIFM1AKVK3yes,m22,0.335787,0.029874,0.025457,0.013366,1.0,manual,s,
carta_076_frente_png.rf.FF0DALXiIFM1AKVK3yes,m23,0.743561,0.039088,0.079119,0.028267,1.0,manual,s,
carta_076_frente_png.rf.FF0DALXiIFM1AKVK3yes,m27,0.721782,0.636938,0.016693,0.008809,1.0,manual,s,
carta_076_frente_png.rf.FF0DALXiIFM1AKVK3yes,m28,0.869309,0.662150,0.033804,0.014884,1.0,manual,s,
carta_076_frente_png.rf.FF0DALXiIFM1AKVK3yes,m29,0.790225,0.669896,0.036725,0.011543,1.0,manual,s,
carta_076_frente_png.rf.FF0DALXiIFM1AKVK3yes,m30,0.924397,0.751001,0.035473,0.021871,1.0,manual,s,
carta_076_frente_png.rf.FF0DALXiIFM1AKVK3yes,m31,0.205834,0.771049,0.027961,0.021263,1.0,manual,s,
carta_076_frente_png.rf.FF0DALXiIFM1AKVK3yes,m32,0.404693,0.830587,0.066773,0.044957,1.0,manual,s,
carta_076_frente_png.rf.FF0DALXiIFM1AKVK3yes,m33,0.518416,0.825575,0.025457,0.016707,1.0,manual,s,
carta_076_frente_png.rf.FF0DALXiIFM1AKVK3yes,m34,0.278033,0.850635,0.035473,0.014581,1.0,manual,s,
carta_076_frente_png.rf.FF0DALXiIFM1AKVK3yes,m35,0.068323,0.903338,0.029213,0.043438,1.0,manual,s,
carta_076_frente_png.rf.FF0DALXiIFM1AKVK3yes,m36,0.190184,0.956496,0.058427,0.035540,1.0,manual,s,
carta_076_frente_png.rf.FF0DALXiIFM1AKVK3yes,m37,0.052210,0.489184,0.022605,0.022782,1.0,manual,s,
carta_076_frente_png.rf.FF0DALXiIFM1AKVK3yes,m39,0.293833,0.027751,0.022306,0.011841,1.0,manual,s,
carta_076_frente_png.rf.FF0DALXiIFM1AKVK3yes,m40,0.735407,0.106852,0.024634,0.019161,1.0,manual,s,
carta_076_frente_png.rf.FF0DALXiIFM1AKVK3yes,m41,0.808464,0.110983,0.037434,0.030587,1.0,manual,s,
carta_076_frente_png.rf.FF0DALXiIFM1AKVK3yes,m42,0.850246,0.087954,0.027774,0.016173,1.0,manual,s,
carta_076_frente_png.rf.FF0DALXiIFM1AKVK3yes,m43,0.932199,0.419195,0.033039,0.031009,1.0,manual,s,
carta_076_frente_png.rf.FF0DALXiIFM1AKVK3yes,m44,0.940314,0.384811,0.031880,0.016243,1.0,manual,s,
carta_076_frente_png.rf.FF0DALXiIFM1AKVK3yes,m45,0.809961,0.630069,0.018838,0.014344,1.0,manual,s,
carta_076_frente_png.rf.FF0DALXiIFM1AKVK3yes,m46,0.766489,0.591994,0.019997,0.021306,1.0,manual,s,
carta_076_frente_png.rf.FF0DALXiIFM1AKVK3yes,m47,0.083698,0.580676,0.017968,0.013079,1.0,manual,s,
carta_076_frente_png.rf.FF0DALXiIFM1AKVK3yes,m48,0.060947,0.553464,0.022316,0.019407,1.0,manual,s,
carta_076_frente_png.rf.FF0DALXiIFM1AKVK3yes,m49,0.347924,0.957821,0.047576,0.037363,1.0,manual,s,
carta_076_frente_png.rf.FF0DALXiIFM1AKVK3yes,m52,0.054371,0.716385,0.014781,0.031853,1.0,manual,s,
carta_076_frente_png.rf.FF0DALXiIFM1AKVK3yes,m53,0.092337,0.681263,0.013042,0.008860,1.0,manual,s,
carta_076_frente_png.rf.FF0DALXiIFM1AKVK3yes,m54,0.142330,0.685060,0.057383,0.011813,1.0,manual,s,
carta_076_frente_png.rf.FF0DALXiIFM1AKVK3yes,m55,0.486830,0.645920,0.015998,0.010632,1.0,manual,s,
carta_076_frente_png.rf.FF0DALXiIFM1AKVK3yes,m56,0.382497,0.618581,0.018780,0.012150,1.0,manual,s,
carta_076_frente_png.rf.FF0DALXiIFM1AKVK3yes,m57,0.539519,0.576054,0.021910,0.010125,1.0,manual,s,
carta_076_frente_png.rf.FF0DALXiIFM1AKVK3yes,m58,0.357297,0.137700,0.020519,0.011897,1.0,manual,s,
carta_076_frente_png.rf.FF0DALXiIFM1AKVK3yes,m59,0.221491,0.135042,0.019476,0.007594,1.0,manual,s,
carta_076_frente_png.rf.FF0DALXiIFM1AKVK3yes,m60,0.147066,0.148585,0.018084,0.014429,1.0,manual,s,
carta_076_frente_png.rf.FF0DALXiIFM1AKVK3yes,m61,0.547705,0.137447,0.016693,0.009366,1.0,manual,s,
carta_076_frente_png.rf.FF0DALXiIFM1AKVK3yes,m62,0.429287,0.134916,0.020519,0.010885,1.0,manual,s,
carta_076_frente_png.rf.FF0DALXiIFM1AKVK3yes,m63,0.575180,0.134916,0.012520,0.006835,1.0,manual,s,
carta_076_frente_png.rf.FF0DALXiIFM1AKVK3yes,m64,0.499712,0.124284,0.015302,0.008353,1.0,manual,s,
carta_076_frente_png.rf.FF0DALXiIFM1AKVK3yes,m71,0.382569,0.514160,0.024956,0.008057,1.0,manual,s,
carta_076_verso_png.rf.17YF6XENir9SZBpZth8y,m7,0.408558,0.452070,0.054560,0.049108,1.0,manual,s,
carta_076_verso_png.rf.17YF6XENir9SZBpZth8y,m8,0.305520,0.487889,0.037532,0.027085,1.0,manual,s,
carta_076_verso_png.rf.17YF6XENir9SZBpZth8y,m10,0.072338,0.392710,0.035446,0.029111,1.0,manual,s,
carta_076_verso_png.rf.17YF6XENir9SZBpZth8y,m12,0.877702,0.098820,0.031624,0.021010,1.0,manual,s,
carta_076_verso_png.rf.17YF6XENir9SZBpZth8y,m14,0.664155,0.188556,0.036836,0.028857,1.0,manual,s,
carta_076_verso_png.rf.17YF6XENir9SZBpZth8y,m15,0.577797,0.320820,0.036489,0.029617,1.0,manual,s,
carta_076_verso_png.rf.17YF6XENir9SZBpZth8y,m16,0.675970,0.348285,0.042397,0.022782,1.0,manual,s,
carta_076_verso_png.rf.17YF6XENir9SZBpZth8y,m17,0.766498,0.369548,0.026759,0.017213,1.0,manual,s,
carta_076_verso_png.rf.17YF6XENir9SZBpZth8y,m18,0.767714,0.467638,0.036141,0.039742,1.0,manual,s,
carta_076_verso_png.rf.17YF6XENir9SZBpZth8y,m20,0.607857,0.935432,0.029886,0.013922,1.0,manual,s,
carta_076_verso_png.rf.17YF6XENir9SZBpZth8y,m21,0.494047,0.908600,0.026064,0.024048,1.0,manual,s,
carta_076_verso_png.rf.17YF6XENir9SZBpZth8y,m22,0.561812,0.890754,0.033014,0.013163,1.0,manual,s,
carta_076_verso_png.rf.17YF6XENir9SZBpZth8y,m23,0.361991,0.918472,0.035794,0.026073,1.0,manual,s,
carta_076_verso_png.rf.17YF6XENir9SZBpZth8y,m24,0.297527,0.955303,0.068113,0.022782,1.0,manual,s,
carta_076_verso_png.rf.17YF6XENir9SZBpZth8y,m25,0.190493,0.956063,0.031276,0.018732,1.0,manual,s,
carta_076_verso_png.rf.17YF6XENir9SZBpZth8y,m27,0.105005,0.875945,0.056297,0.030629,1.0,manual,s,
carta_076_verso_png.rf.17YF6XENir9SZBpZth8y,m28,0.054441,0.918345,0.022588,0.016707,1.0,manual,s,
carta_076_verso_png.rf.17YF6XENir9SZBpZth8y,m29,0.103614,0.912270,0.041007,0.021263,1.0,manual,s,
carta_076_verso_png.rf.17YF6XENir9SZBpZth8y,m31,0.252698,0.666855,0.118850,0.035186,1.0,manual,s,
carta_076_verso_png.rf.17YF6XENir9SZBpZth8y,m32,0.107437,0.571423,0.109814,0.023542,1.0,manual,s,
carta_076_verso_png.rf.17YF6XENir9SZBpZth8y,m33,0.665241,0.731876,0.025697,0.012411,1.0,manual,s,
carta_076_verso_png.rf.17YF6XENir9SZBpZth8y,m34,0.697013,0.769109,0.018575,0.008952,1.0,manual,s,
carta_076_verso_png.rf.17YF6XENir9SZBpZth8y,m35,0.712864,0.779181,0.012011,0.006104,1.0,manual,s,
carta_076_verso_png.rf.17YF6XENir9SZBpZth8y,m36,0.624955,0.808689,0.013474,0.014210,1.0,manual,s,
carta_076_verso_png.rf.17YF6XENir9SZBpZth8y,m37,0.566433,0.821360,0.015888,0.011426,1.0,manual,s,
carta_076_verso_png.rf.17YF6XENir9SZBpZth8y,m38,0.643557,0.810154,0.008044,0.009522,1.0,manual,s,
carta_076_verso_png.rf.17YF6XENir9SZBpZth8y,m39,0.643557,0.824290,0.009653,0.007617,1.0,manual,s,
carta_076_verso_png.rf.17YF6XENir9SZBpZth8y,m40,0.656529,0.847435,0.016290,0.018165,1.0,manual,s,
carta_076_verso_png.rf.17YF6XENir9SZBpZth8y,m41,0.691220,0.844139,0.044244,0.010694,1.0,manual,s,
carta_076_verso_png.rf.17YF6XENir9SZBpZth8y,m42,0.876926,0.718461,0.016681,0.018732,1.0,manual,s,
carta_076_verso_png.rf.17YF6XENir9SZBpZth8y,m43,0.246832,0.170195,0.063228,0.041662,1.0,manual,s,
carta_076_verso_png.rf.17YF6XENir9SZBpZth8y,m44,0.259502,0.208429,0.042715,0.017579,1.0,manual,s,
carta_076_verso_png.rf.17YF6XENir9SZBpZth8y,m45,0.281342,0.214055,0.013997,0.021798,1.0,manual,s,
carta_076_verso_png.rf.17YF6XENir9SZBpZth8y,m46,0.360015,0.227327,0.037647,0.019513,1.0,manual,s,
carta_076_verso_png.rf.17YF6XENir9SZBpZth8y,m48,0.379080,0.160703,0.031855,0.027599,1.0,manual,s,
carta_076_verso_png.rf.17YF6XENir9SZBpZth8y,m51,0.532204,0.155605,0.029683,0.013184,1.0,manual,s,
carta_076_verso_png.rf.17YF6XENir9SZBpZth8y,m52,0.535703,0.205265,0.043439,0.014766,1.0,manual,s,
carta_076_verso_png.rf.17YF6XENir9SZBpZth8y,m53,0.484179,0.170371,0.020030,0.010372,1.0,manual,s,
carta_076_verso_png.rf.17YF6XENir9SZBpZth8y,m54,0.203964,0.034355,0.018156,0.011801,1.0,manual,s,
carta_076_verso_png.rf.17YF6XENir9SZBpZth8y,m55,0.593752,0.038189,0.235537,0.018985,1.0,manual,s,
carta_076_verso_png.rf.17YF6XENir9SZBpZth8y,m57,0.403138,0.786526,0.019306,0.011133,1.0,manual,s,
carta_076_verso_png.rf.17YF6XENir9SZBpZth8y,m58,0.465179,0.774880,0.016290,0.007178,1.0,manual,s,
carta_076_verso_png.rf.17YF6XENir9SZBpZth8y,m59,0.209482,0.796503,0.016424,0.011963,1.0,manual,s,
carta_076_verso_png.rf.17YF6XENir9SZBpZth8y,m60,0.191047,0.771478,0.016759,0.012208,1.0,manual,s,
carta_077_frente_png.rf.vS6p76TsZNGQIItgE0nA,m7,0.561001,0.186808,0.038770,0.013711,1.0,manual,s,
carta_077_frente_png.rf.vS6p76TsZNGQIItgE0nA,m8,0.495758,0.216235,0.074357,0.024470,1.0,manual,s,
carta_077_frente_png.rf.vS6p76TsZNGQIItgE0nA,m9,0.579373,0.224990,0.078986,0.041978,1.0,manual,s,
carta_077_frente_png.rf.vS6p76TsZNGQIItgE0nA,m16,0.661398,0.301563,0.076961,0.037759,1.0,manual,s,
carta_077_frente_png.rf.vS6p76TsZNGQIItgE0nA,m18,0.666027,0.413892,0.061337,0.033751,1.0,manual,s,
carta_077_frente_png.rf.vS6p76TsZNGQIItgE0nA,m19,0.763964,0.410306,0.173307,0.040924,1.0,manual,s,
carta_077_frente_png.rf.vS6p76TsZNGQIItgE0nA,m20,0.746460,0.455026,0.222782,0.034173,1.0,manual,s,
carta_077_frente_png.rf.vS6p76TsZNGQIItgE0nA,m23,0.544654,0.449120,0.047739,0.036705,1.0,manual,s,
carta_077_frente_png.rf.vS6p76TsZNGQIItgE0nA,m26,0.508343,0.455343,0.040506,0.030587,1.0,manual,s,
carta_077_frente_png.rf.vS6p76TsZNGQIItgE0nA,m33,0.691938,0.055481,0.051996,0.014945,1.0,manual,s,
carta_077_frente_png.rf.vS6p76TsZNGQIItgE0nA,m35,0.452958,0.050925,0.084993,0.018226,1.0,manual,s,
carta_077_frente_png.rf.vS6p76TsZNGQIItgE0nA,m36,0.391372,0.129621,0.020542,0.013922,1.0,manual,s,
carta_077_frente_png.rf.vS6p76TsZNGQIItgE0nA,m37,0.123889,0.068974,0.050343,0.020462,1.0,manual,s,
carta_077_frente_png.rf.vS6p76TsZNGQIItgE0nA,m38,0.942790,0.323679,0.035009,0.031853,1.0,manual,s,
carta_077_frente_png.rf.vS6p76TsZNGQIItgE0nA,m39,0.514535,0.537817,0.033497,0.010935,1.0,manual,s,
carta_077_frente_png.rf.vS6p76TsZNGQIItgE0nA,m40,0.436541,0.548205,0.026498,0.028797,1.0,manual,s,
carta_077_frente_png.rf.vS6p76TsZNGQIItgE0nA,m41,0.434791,0.583928,0.012999,0.014945,1.0,manual,s,
carta_077_frente_png.rf.vS6p76TsZNGQIItgE0nA,m42,0.384296,0.608897,0.016999,0.010206,1.0,manual,s,
carta_077_frente_png.rf.vS6p76TsZNGQIItgE0nA,m43,0.370547,0.670864,0.013499,0.006561,1.0,manual,s,
carta_077_frente_png.rf.vS6p76TsZNGQIItgE0nA,m44,0.354451,0.671113,0.012499,0.006328,1.0,manual,s,
carta_077_frente_png.rf.vS6p76TsZNGQIItgE0nA,m45,0.342473,0.692502,0.019096,0.013163,1.0,manual,s,
carta_077_frente_png.rf.vS6p76TsZNGQIItgE0nA,m46,0.441249,0.707944,0.035414,0.017213,1.0,manual,s,
carta_077_frente_png.rf.vS6p76TsZNGQIItgE0nA,m47,0.524923,0.694528,0.061800,0.009113,1.0,manual,s,
carta_077_frente_png.rf.vS6p76TsZNGQIItgE0nA,m48,0.526659,0.649849,0.015276,0.009366,1.0,manual,s,
carta_077_frente_png.rf.vS6p76TsZNGQIItgE0nA,m49,0.466247,0.628206,0.015276,0.012150,1.0,manual,s,
carta_077_frente_png.rf.vS6p76TsZNGQIItgE0nA,m50,0.641059,0.563910,0.017012,0.008100,1.0,manual,s,
carta_077_frente_png.rf.vS6p76TsZNGQIItgE0nA,m51,0.565023,0.583907,0.100339,0.025820,1.0,manual,s,
carta_077_frente_png.rf.vS6p76TsZNGQIItgE0nA,m53,0.874372,0.661873,0.088534,0.047083,1.0,manual,s,
carta_077_frente_png.rf.vS6p76TsZNGQIItgE0nA,m54,0.739661,0.709209,0.026039,0.012150,1.0,manual,s,
carta_077_frente_png.rf.vS6p76TsZNGQIItgE0nA,m55,0.716573,0.752749,0.043052,0.028857,1.0,manual,s,
carta_077_frente_png.rf.vS6p76TsZNGQIItgE0nA,m56,0.626997,0.720601,0.033331,0.016707,1.0,manual,s,
carta_077_frente_png.rf.vS6p76TsZNGQIItgE0nA,m57,0.611721,0.757179,0.063884,0.040249,1.0,manual,s,
carta_077_frente_png.rf.vS6p76TsZNGQIItgE0nA,m58,0.543150,0.719588,0.037844,0.020757,1.0,manual,s,
carta_077_frente_png.rf.vS6p76TsZNGQIItgE0nA,m59,0.344382,0.720727,0.028470,0.017973,1.0,manual,s,
carta_077_frente_png.rf.vS6p76TsZNGQIItgE0nA,m61,0.194742,0.698578,0.034025,0.021770,1.0,manual,s,
carta_077_frente_png.rf.vS6p76TsZNGQIItgE0nA,m62,0.097007,0.680099,0.020484,0.016707,1.0,manual,s,
carta_077_frente_png.rf.vS6p76TsZNGQIItgE0nA,m63,0.299594,0.865647,0.029859,0.037464,1.0,manual,s,
carta_077_frente_png.rf.vS6p76TsZNGQIItgE0nA,m64,0.554260,0.868305,0.051732,0.017973,1.0,manual,s,
carta_077_frente_png.rf.vS6p76TsZNGQIItgE0nA,m65,0.404794,0.890834,0.049996,0.022529,1.0,manual,s,
carta_077_frente_png.rf.vS6p76TsZNGQIItgE0nA,m66,0.585334,0.893365,0.038886,0.018479,1.0,manual,s,
carta_077_frente_png.rf.vS6p76TsZNGQIItgE0nA,m67,0.265569,0.908047,0.031942,0.011897,1.0,manual,s,
carta_077_frente_png.rf.vS6p76TsZNGQIItgE0nA,m68,0.151864,0.906402,0.037844,0.015188,1.0,manual,s,
carta_077_frente_png.rf.vS6p76TsZNGQIItgE0nA,m69,0.274944,0.889821,0.015276,0.005822,1.0,manual,s,
carta_077_frente_png.rf.vS6p76TsZNGQIItgE0nA,m70,0.153079,0.862989,0.015276,0.008860,1.0,manual,s,
carta_077_frente_png.rf.vS6p76TsZNGQIItgE0nA,m71,0.120616,0.860205,0.034372,0.043286,1.0,manual,s,
carta_077_frente_png.rf.vS6p76TsZNGQIItgE0nA,m72,0.468677,0.938803,0.018054,0.012150,1.0,manual,s,
carta_077_frente_png.rf.vS6p76TsZNGQIItgE0nA,m73,0.598180,0.945511,0.066661,0.032148,1.0,manual,s,
carta_077_frente_png.rf.vS6p76TsZNGQIItgE0nA,m74,0.793997,0.950447,0.064578,0.032401,1.0,manual,s,
carta_077_frente_png.rf.vS6p76TsZNGQIItgE0nA,m75,0.818995,0.909946,0.024998,0.015694,1.0,manual,s,
carta_077_frente_png.rf.vS6p76TsZNGQIItgE0nA,m76,0.900585,0.886404,0.030553,0.023795,1.0,manual,s,
carta_077_frente_png.rf.vS6p76TsZNGQIItgE0nA,m78,0.880888,0.399022,0.039927,0.037337,1.0,manual,s,
carta_077_frente_png.rf.vS6p76TsZNGQIItgE0nA,m79,0.871630,0.328038,0.028354,0.022360,1.0,manual,s,
carta_077_frente_png.rf.vS6p76TsZNGQIItgE0nA,m80,0.669390,0.101793,0.030831,0.017922,1.0,manual,s,
carta_077_frente_png.rf.vS6p76TsZNGQIItgE0nA,m83,0.781047,0.038155,0.041663,0.018833,1.0,manual,s,
carta_077_frente_png.rf.vS6p76TsZNGQIItgE0nA,m84,0.790421,0.083415,0.045413,0.053462,1.0,manual,s,
carta_077_frente_png.rf.vS6p76TsZNGQIItgE0nA,m86,0.299837,0.056532,0.027498,0.014884,1.0,manual,s,
carta_077_frente_png.rf.vS6p76TsZNGQIItgE0nA,m87,0.371498,0.049849,0.027498,0.016099,1.0,manual,s,
carta_077_frente_png.rf.vS6p76TsZNGQIItgE0nA,m88,0.357749,0.067771,0.014999,0.008809,1.0,manual,s,
carta_077_frente_png.rf.vS6p76TsZNGQIItgE0nA,m89,0.113937,0.103519,0.028966,0.027589,1.0,manual,s,
carta_077_frente_png.rf.vS6p76TsZNGQIItgE0nA,m90,0.061838,0.205737,0.050496,0.070716,1.0,manual,s,
carta_077_frente_png.rf.vS6p76TsZNGQIItgE0nA,m91,0.114351,0.580836,0.045996,0.029526,1.0,manual,s,
carta_077_frente_png.rf.vS6p76TsZNGQIItgE0nA,m93,0.335790,0.777491,0.031595,0.029364,1.0,manual,s,
carta_077_frente_png.rf.vS6p76TsZNGQIItgE0nA,m94,0.280239,0.811791,0.044788,0.016454,1.0,manual,s,
carta_077_frente_png.rf.vS6p76TsZNGQIItgE0nA,m95,0.349157,0.830903,0.037497,0.021770,1.0,manual,s,
carta_077_frente_png.rf.vS6p76TsZNGQIItgE0nA,m96,0.216529,0.782174,0.024998,0.026579,1.0,manual,s,
carta_077_frente_png.rf.vS6p76TsZNGQIItgE0nA,m99,0.506609,0.670921,0.029511,0.008607,1.0,manual,s,
carta_077_frente_png.rf.vS6p76TsZNGQIItgE0nA,m100,0.541328,0.671554,0.029511,0.008860,1.0,manual,s,
carta_077_frente_png.rf.vS6p76TsZNGQIItgE0nA,m101,0.751415,0.590880,0.031247,0.021871,1.0,manual,s,
carta_077_frente_png.rf.vS6p76TsZNGQIItgE0nA,m102,0.274844,0.518109,0.041497,0.018226,1.0,manual,s,
carta_077_verso_png.rf.UxjEokaBMHhXmReXOsdx,m2,0.717575,0.612316,0.042813,0.037127,1.0,manual,s,
carta_077_verso_png.rf.UxjEokaBMHhXmReXOsdx,m3,0.808842,0.626660,0.062773,0.019407,1.0,manual,s,
carta_077_verso_png.rf.UxjEokaBMHhXmReXOsdx,m4,0.718211,0.386283,0.042489,0.027339,1.0,manual,s,
carta_077_verso_png.rf.UxjEokaBMHhXmReXOsdx,m5,0.606740,0.108401,0.062484,0.048116,1.0,manual,s,
carta_077_verso_png.rf.UxjEokaBMHhXmReXOsdx,m6,0.491020,0.044975,0.028993,0.012394,1.0,manual,s,
carta_077_verso_png.rf.UxjEokaBMHhXmReXOsdx,m8,0.391822,0.216802,0.019960,0.016876,1.0,manual,s,
carta_077_verso_png.rf.UxjEokaBMHhXmReXOsdx,m9,0.383144,0.200032,0.019382,0.011180,1.0,manual,s,
carta_077_verso_png.rf.UxjEokaBMHhXmReXOsdx,m10,0.624546,0.168390,0.043970,0.031431,1.0,manual,s,
carta_077_verso_png.rf.UxjEokaBMHhXmReXOsdx,m11,0.798980,0.186215,0.023142,0.018563,1.0,manual,s,
carta_077_verso_png.rf.UxjEokaBMHhXmReXOsdx,m12,0.831813,0.244541,0.032688,0.015821,1.0,manual,s,
carta_077_verso_png.rf.UxjEokaBMHhXmReXOsdx,m13,0.913244,0.283355,0.021407,0.019618,1.0,manual,s,
carta_077_verso_png.rf.UxjEokaBMHhXmReXOsdx,m14,0.868840,0.249288,0.015332,0.013079,1.0,manual,s,
carta_077_verso_png.rf.UxjEokaBMHhXmReXOsdx,m16,0.458255,0.394409,0.058434,0.028478,1.0,manual,s,
carta_077_verso_png.rf.UxjEokaBMHhXmReXOsdx,m18,0.586549,0.455477,0.035581,0.034173,1.0,manual,s,
carta_077_verso_png.rf.UxjEokaBMHhXmReXOsdx,m21,0.340808,0.541965,0.041077,0.043455,1.0,manual,s,
carta_077_verso_png.rf.UxjEokaBMHhXmReXOsdx,m22,0.408644,0.520765,0.062773,0.026368,1.0,manual,s,
carta_077_verso_png.rf.UxjEokaBMHhXmReXOsdx,m23,0.502369,0.559685,0.049466,0.033329,1.0,manual,s,
carta_077_verso_png.rf.UxjEokaBMHhXmReXOsdx,m24,0.459412,0.605460,0.093726,0.049783,1.0,manual,s,
carta_077_verso_png.rf.UxjEokaBMHhXmReXOsdx,m25,0.652649,0.613582,0.026614,0.015399,1.0,manual,s,
carta_077_verso_png.rf.UxjEokaBMHhXmReXOsdx,m28,0.074528,0.489862,0.026324,0.032486,1.0,manual,s,
carta_077_verso_png.rf.UxjEokaBMHhXmReXOsdx,m29,0.190963,0.435754,0.039342,0.027212,1.0,manual,s,
carta_077_verso_png.rf.UxjEokaBMHhXmReXOsdx,m30,0.298863,0.429320,0.031242,0.024470,1.0,manual,s,
carta_077_verso_png.rf.UxjEokaBMHhXmReXOsdx,m31,0.243900,0.386920,0.043970,0.030798,1.0,manual,s,
carta_077_verso_png.rf.UxjEokaBMHhXmReXOsdx,m34,0.340953,0.483850,0.025167,0.013711,1.0,manual,s,
carta_077_verso_png.rf.UxjEokaBMHhXmReXOsdx,m35,0.386514,0.598077,0.031820,0.021516,1.0,manual,s,
carta_077_verso_png.rf.UxjEokaBMHhXmReXOsdx,m36,0.293494,0.778529,0.024577,0.022175,1.0,manual,s,
carta_077_verso_png.rf.UxjEokaBMHhXmReXOsdx,m37,0.242674,0.785667,0.025410,0.013973,1.0,manual,s,
carta_077_verso_png.rf.UxjEokaBMHhXmReXOsdx,m38,0.223929,0.834877,0.022078,0.014581,1.0,manual,s,
carta_077_verso_png.rf.UxjEokaBMHhXmReXOsdx,m39,0.348886,0.772907,0.009843,0.008203,1.0,manual,s,
carta_077_verso_png.rf.UxjEokaBMHhXmReXOsdx,m40,0.378215,0.774739,0.010647,0.009229,1.0,manual,s,
carta_077_verso_png.rf.UxjEokaBMHhXmReXOsdx,m41,0.326386,0.784553,0.011049,0.010987,1.0,manual,s,
carta_077_verso_png.rf.UxjEokaBMHhXmReXOsdx,m42,0.288318,0.825278,0.015267,0.008643,1.0,manual,s,
carta_077_verso_png.rf.UxjEokaBMHhXmReXOsdx,m43,0.520773,0.782154,0.017079,0.016099,1.0,manual,s,
carta_077_verso_png.rf.UxjEokaBMHhXmReXOsdx,m44,0.715098,0.762106,0.015829,0.014277,1.0,manual,s,
carta_077_verso_png.rf.UxjEokaBMHhXmReXOsdx,m45,0.675941,0.755575,0.029992,0.020048,1.0,manual,s,
carta_077_verso_png.rf.UxjEokaBMHhXmReXOsdx,m47,0.865267,0.830453,0.020411,0.012454,1.0,manual,s,
carta_077_verso_png.rf.UxjEokaBMHhXmReXOsdx,m48,0.841732,0.820732,0.017495,0.010024,1.0,manual,s,
carta_077_verso_png.rf.UxjEokaBMHhXmReXOsdx,m49,0.804241,0.840325,0.037490,0.018226,1.0,manual,s,
carta_077_verso_png.rf.UxjEokaBMHhXmReXOsdx,m50,0.792994,0.788533,0.029159,0.030680,1.0,manual,s,
carta_077_verso_png.rf.UxjEokaBMHhXmReXOsdx,m51,0.585548,0.663535,0.026660,0.021263,1.0,manual,s,
carta_077_verso_png.rf.UxjEokaBMHhXmReXOsdx,m52,0.652351,0.835618,0.028526,0.013624,1.0,manual,s,
carta_077_verso_png.rf.UxjEokaBMHhXmReXOsdx,m53,0.620109,0.840305,0.011852,0.009815,1.0,manual,s,
carta_077_verso_png.rf.UxjEokaBMHhXmReXOsdx,m54,0.067478,0.811866,0.033749,0.089652,1.0,manual,s,
carta_077_verso_png.rf.UxjEokaBMHhXmReXOsdx,m55,0.070226,0.613949,0.024994,0.042780,1.0,manual,s,
carta_077_verso_png.rf.UxjEokaBMHhXmReXOsdx,m56,0.137372,0.301042,0.028687,0.031818,1.0,manual,s,
carta_077_verso_png.rf.UxjEokaBMHhXmReXOsdx,m57,0.223552,0.309568,0.019285,0.018634,1.0,manual,s,
carta_077_verso_png.rf.UxjEokaBMHhXmReXOsdx,m58,0.246453,0.285661,0.019285,0.013008,1.0,manual,s,
carta_077_verso_png.rf.UxjEokaBMHhXmReXOsdx,m59,0.799579,0.112983,0.030133,0.021974,1.0,manual,s,
carta_077_verso_png.rf.UxjEokaBMHhXmReXOsdx,m60,0.730153,0.127661,0.045079,0.053088,1.0,manual,s,
carta_077_verso_png.rf.UxjEokaBMHhXmReXOsdx,m64,0.286442,0.940566,0.011049,0.007325,1.0,manual,s,
carta_077_verso_png.rf.UxjEokaBMHhXmReXOsdx,m65,0.773410,0.481072,0.041656,0.041767,1.0,manual,s,
carta_077_verso_png.rf.UxjEokaBMHhXmReXOsdx,m66,0.718563,0.428673,0.011108,0.009366,1.0,manual,s,
carta_077_verso_png.rf.UxjEokaBMHhXmReXOsdx,m67,0.672220,0.433989,0.023258,0.015441,1.0,manual,s,
carta_077_verso_png.rf.UxjEokaBMHhXmReXOsdx,m68,0.672915,0.419181,0.019787,0.012150,1.0,manual,s,
carta_077_verso_png.rf.UxjEokaBMHhXmReXOsdx,m69,0.797188,0.408675,0.020481,0.016454,1.0,manual,s,
carta_077_verso_png.rf.UxjEokaBMHhXmReXOsdx,m70,0.560444,0.403739,0.051029,0.031895,1.0,manual,s,
carta_077_verso_png.rf.UxjEokaBMHhXmReXOsdx,m71,0.510804,0.357036,0.072551,0.044299,1.0,manual,s,
carta_077_verso_png.rf.UxjEokaBMHhXmReXOsdx,m72,0.907229,0.490058,0.040615,0.020757,1.0,manual,s,
carta_077_verso_png.rf.UxjEokaBMHhXmReXOsdx,m73,0.900287,0.451582,0.027423,0.016201,1.0,manual,s,
carta_077_verso_png.rf.UxjEokaBMHhXmReXOsdx,m74,0.911987,0.544212,0.026718,0.020362,1.0,manual,s,
carta_077_verso_png.rf.UxjEokaBMHhXmReXOsdx,m75,0.932748,0.760932,0.023142,0.148084,1.0,manual,s,
carta_077_verso_png.rf.UxjEokaBMHhXmReXOsdx,m76,0.866359,0.769792,0.062773,0.064128,1.0,manual,s,
carta_077_verso_png.rf.UxjEokaBMHhXmReXOsdx,m77,0.652610,0.771013,0.011718,0.010743,1.0,manual,s,
carta_077_verso_png.rf.UxjEokaBMHhXmReXOsdx,m78,0.814979,0.059530,0.014263,0.009815,1.0,manual,s,
carta_078_frente_png.rf.GeU5VSm0TlOSeZx088fy,m1,0.104794,0.201439,0.007050,0.006867,1.0,manual,s,
carta_078_frente_png.rf.GeU5VSm0TlOSeZx088fy,m2,0.205047,0.981082,0.010525,0.005534,1.0,manual,s,
carta_090_frente_png.rf.3rT26fCBeqgBbSlDYRx8,m1,0.248248,0.283051,0.010646,0.007559,1.0,manual,s,
carta_090_frente_png.rf.3rT26fCBeqgBbSlDYRx8,m2,0.378488,0.434152,0.011130,0.009317,1.0,manual,s,
carta_090_frente_png.rf.3rT26fCBeqgBbSlDYRx8,m3,0.661506,0.774884,0.014517,0.010020,1.0,manual,s,
carta_090_frente_png.rf.3rT26fCBeqgBbSlDYRx8,m4,0.263514,0.880591,0.023227,0.012446,1.0,manual,s,
carta_090_frente_png.rf.3rT26fCBeqgBbSlDYRx8,m5,0.125310,0.777016,0.010452,0.007805,1.0,manual,s,
carta_090_frente_png.rf.3rT26fCBeqgBbSlDYRx8,m6,0.227947,0.871098,0.012485,0.007805,1.0,manual,s,
carta_090_frente_png.rf.3rT26fCBeqgBbSlDYRx8,m7,0.914701,0.416438,0.011202,0.006443,1.0,manual,s,
carta_090_frente_png.rf.3rT26fCBeqgBbSlDYRx8,m8,0.152671,0.788527,0.008952,0.008438,1.0,manual,s,
carta_090_frente_png.rf.3rT26fCBeqgBbSlDYRx8,m9,0.461096,0.849774,0.012775,0.006750,1.0,manual,s,
carta_091_frente_png.rf.Jld8yoyMpO9P34ZuGaK5,m1,0.326590,0.222890,0.013849,0.009229,1.0,manual,s,
carta_091_frente_png.rf.Jld8yoyMpO9P34ZuGaK5,m2,0.872660,0.643294,0.008530,0.006226,1.0,manual,s,
carta_091_frente_png.rf.Jld8yoyMpO9P34ZuGaK5,m3,0.487689,0.792663,0.010405,0.007383,1.0,manual,s,
carta_091_frente_png.rf.Jld8yoyMpO9P34ZuGaK5,m4,0.470059,0.702378,0.012717,0.007383,1.0,manual,s,
carta_091_frente_png.rf.Jld8yoyMpO9P34ZuGaK5,m5,0.258066,0.722840,0.013584,0.009071,1.0,manual,s,
carta_091_frente_png.rf.Jld8yoyMpO9P34ZuGaK5,m6,0.250696,0.684553,0.011561,0.006750,1.0,manual,s,
carta_091_frente_png.rf.Jld8yoyMpO9P34ZuGaK5,m7,0.217604,0.746360,0.011272,0.007172,1.0,manual,s,
carta_091_frente_png.rf.Jld8yoyMpO9P34ZuGaK5,m8,0.320927,0.745095,0.011561,0.006750,1.0,manual,s,
carta_091_frente_png.rf.Jld8yoyMpO9P34ZuGaK5,m9,0.864080,0.817235,0.008229,0.005127,1.0,manual,s,
carta_091_frente_png.rf.Jld8yoyMpO9P34ZuGaK5,m10,0.432396,0.616279,0.012832,0.010632,1.0,manual,s,
carta_091_frente_png.rf.Jld8yoyMpO9P34ZuGaK5,m11,0.375518,0.631468,0.020462,0.017719,1.0,manual,s,
carta_091_frente_png.rf.Jld8yoyMpO9P34ZuGaK5,m12,0.200201,0.543630,0.011792,0.011644,1.0,manual,s,
carta_091_frente_png.rf.Jld8yoyMpO9P34ZuGaK5,m13,0.110375,0.463512,0.015954,0.008353,1.0,manual,s,
carta_091_frente_png.rf.Jld8yoyMpO9P34ZuGaK5,m14,0.073959,0.470980,0.012485,0.009619,1.0,manual,s,
carta_091_frente_png.rf.Jld8yoyMpO9P34ZuGaK5,m15,0.033555,0.427947,0.015607,0.013669,1.0,manual,s,
carta_091_frente_png.rf.Jld8yoyMpO9P34ZuGaK5,m16,0.200340,0.295658,0.016231,0.009720,1.0,manual,s,
carta_091_frente_png.rf.Jld8yoyMpO9P34ZuGaK5,m17,0.116896,0.252068,0.012485,0.010632,1.0,manual,s,
carta_091_frente_png.rf.Jld8yoyMpO9P34ZuGaK5,m18,0.149326,0.400278,0.012042,0.008789,1.0,manual,s,
carta_091_frente_png.rf.Jld8yoyMpO9P34ZuGaK5,m19,0.313343,0.384721,0.009152,0.006856,1.0,manual,s,
carta_091_frente_png.rf.Jld8yoyMpO9P34ZuGaK5,m20,0.347302,0.413287,0.012524,0.006328,1.0,manual,s,
carta_091_frente_png.rf.Jld8yoyMpO9P34ZuGaK5,m21,0.341160,0.424010,0.011801,0.008086,1.0,manual,s,
carta_091_frente_png.rf.Jld8yoyMpO9P34ZuGaK5,m22,0.146798,0.359408,0.012765,0.007910,1.0,manual,s,
carta_091_frente_png.rf.Jld8yoyMpO9P34ZuGaK5,m23,0.413662,0.239109,0.014551,0.007447,1.0,manual,s,
carta_108_verso_png.rf.XxkhvFyj6rMHSfMneSbx,m1,0.336336,0.611617,0.026708,0.036451,1.0,manual,s,
carta_108_verso_png.rf.XxkhvFyj6rMHSfMneSbx,m2,0.264363,0.587063,0.025668,0.022276,1.0,manual,s,
carta_108_verso_png.rf.XxkhvFyj6rMHSfMneSbx,m3,0.389405,0.615287,0.019771,0.012404,1.0,manual,s,
carta_108_verso_png.rf.XxkhvFyj6rMHSfMneSbx,m4,0.263410,0.778196,0.026014,0.015821,1.0,manual,s,
carta_108_verso_png.rf.XxkhvFyj6rMHSfMneSbx,m5,0.195643,0.862334,0.019655,0.013290,1.0,manual,s,
carta_108_verso_png.rf.XxkhvFyj6rMHSfMneSbx,m6,0.578691,0.523306,0.030061,0.017509,1.0,manual,s,
carta_108_verso_png.rf.XxkhvFyj6rMHSfMneSbx,m7,0.573633,0.555898,0.029772,0.022360,1.0,manual,s,
carta_108_verso_png.rf.XxkhvFyj6rMHSfMneSbx,m8,0.616268,0.569293,0.042201,0.030587,1.0,manual,s,
carta_108_verso_png.rf.XxkhvFyj6rMHSfMneSbx,m9,0.822302,0.550789,0.039542,0.044299,1.0,manual,s,
carta_108_verso_png.rf.XxkhvFyj6rMHSfMneSbx,m10,0.766631,0.606226,0.026014,0.010885,1.0,manual,s,
carta_047_frente_png.rf.LroUKJIx9AsoaBJoMmOu,r1,0.060003,0.045864,0.073916,0.061846,0.446,2/1,s,
carta_047_frente_png.rf.LroUKJIx9AsoaBJoMmOu,r2,0.622419,0.036398,0.024707,0.025585,0.308,2/1,s,
carta_047_frente_png.rf.LroUKJIx9AsoaBJoMmOu,r3,0.909839,0.734772,0.051392,0.012864,0.191,1/1,s,
carta_047_frente_png.rf.LroUKJIx9AsoaBJoMmOu,r4,0.033629,0.231053,0.009464,0.011895,0.114,1/1,s,
carta_047_frente_png.rf.LroUKJIx9AsoaBJoMmOu,r5,0.472421,0.321829,0.063383,0.016711,0.112,2/1,s,
carta_047_verso_png.rf.uXRECh5TElGdvj7xLLuC,r1,0.7527,0.548744,0.016448,0.012644,0.732,2/1,s,
carta_047_verso_png.rf.uXRECh5TElGdvj7xLLuC,r2,0.217123,0.33604,0.059771,0.029197,0.547,3/1,s,
carta_047_verso_png.rf.uXRECh5TElGdvj7xLLuC,r3,0.935238,0.043286,0.068023,0.063178,0.506,2/1,n,
carta_047_verso_png.rf.uXRECh5TElGdvj7xLLuC,r4,0.530888,0.00976,0.016765,0.01193,0.421,2/1,n,motivo:fora
carta_047_verso_png.rf.uXRECh5TElGdvj7xLLuC,r5,0.93913,0.946636,0.096235,0.056534,0.369,1/1,s,
carta_047_verso_png.rf.uXRECh5TElGdvj7xLLuC,r6,0.711885,0.361824,0.029982,0.023208,0.369,2/1,s,
carta_047_verso_png.rf.uXRECh5TElGdvj7xLLuC,r7,0.492038,0.654916,0.040041,0.046763,0.316,2/1,s,
carta_047_verso_png.rf.uXRECh5TElGdvj7xLLuC,r8,0.487009,0.561426,0.057498,0.06005,0.309,3/1,s,
carta_047_verso_png.rf.uXRECh5TElGdvj7xLLuC,r9,0.488386,0.603816,0.021129,0.015354,0.282,1/1,s,
carta_047_verso_png.rf.uXRECh5TElGdvj7xLLuC,r10,0.382432,0.246667,0.014152,0.009993,0.279,1/1,s,
carta_047_verso_png.rf.uXRECh5TElGdvj7xLLuC,r11,0.347442,0.107488,0.016055,0.012846,0.257,1/1,s,
carta_047_verso_png.rf.uXRECh5TElGdvj7xLLuC,r12,0.051303,0.211516,0.01488,0.014696,0.246,1/1,s,
carta_047_verso_png.rf.uXRECh5TElGdvj7xLLuC,r13,0.48564,0.670658,0.025248,0.017368,0.227,2/1,s,
carta_047_verso_png.rf.uXRECh5TElGdvj7xLLuC,r14,0.487227,0.588034,0.02846,0.049932,0.211,1/1,n,
carta_047_verso_png.rf.uXRECh5TElGdvj7xLLuC,r15,0.936631,0.542546,0.06081,0.042801,0.195,2/1,s,
carta_047_verso_png.rf.uXRECh5TElGdvj7xLLuC,r16,0.367755,0.29695,0.021732,0.023083,0.188,1/1,s,
carta_047_verso_png.rf.uXRECh5TElGdvj7xLLuC,r17,0.268033,0.515129,0.031548,0.034774,0.181,2/1,s,
carta_047_verso_png.rf.uXRECh5TElGdvj7xLLuC,r18,0.767933,0.298184,0.070638,0.037151,0.172,2/1,s,
carta_047_verso_png.rf.uXRECh5TElGdvj7xLLuC,r19,0.178796,0.963497,0.034168,0.027837,0.161,1/1,s,
carta_047_verso_png.rf.uXRECh5TElGdvj7xLLuC,r20,0.368194,0.385564,0.027064,0.030285,0.14,1/1,s,
carta_047_verso_png.rf.uXRECh5TElGdvj7xLLuC,r21,0.249952,0.503323,0.079587,0.042419,0.136,2/1,s,
carta_047_verso_png.rf.uXRECh5TElGdvj7xLLuC,r22,0.90441,0.554185,0.098361,0.040099,0.134,1/1,s,
carta_047_verso_png.rf.uXRECh5TElGdvj7xLLuC,r23,0.507964,0.529144,0.014015,0.010034,0.13,1/1,s,
carta_047_verso_png.rf.uXRECh5TElGdvj7xLLuC,r24,0.790299,0.311383,0.064931,0.01702,0.113,1/1,s,
carta_047_verso_png.rf.uXRECh5TElGdvj7xLLuC,r25,0.488369,0.604574,0.039622,0.031786,0.113,1/1,n,
carta_047_verso_png.rf.uXRECh5TElGdvj7xLLuC,r26,0.067884,0.957797,0.073292,0.044979,0.111,1/1,s,
carta_073_frente_png.rf.VknyamTWtXcL9PXRrg7S,r1,0.063984,0.952631,0.062295,0.045297,0.443,3/1,s,
carta_073_frente_png.rf.VknyamTWtXcL9PXRrg7S,r2,0.411759,0.353233,0.010698,0.00689,0.333,1/1,s,
carta_073_frente_png.rf.VknyamTWtXcL9PXRrg7S,r3,0.044436,0.833895,0.017722,0.022854,0.173,1/1,s,
carta_073_frente_png.rf.VknyamTWtXcL9PXRrg7S,r4,0.045065,0.790013,0.031413,0.03297,0.152,2/1,s,
carta_073_frente_png.rf.VknyamTWtXcL9PXRrg7S,r5,0.317744,0.954611,0.05637,0.04077,0.141,2/1,s,
carta_073_frente_png.rf.VknyamTWtXcL9PXRrg7S,r6,0.285704,0.951652,0.06132,0.043679,0.122,1/1,s,
carta_073_verso_png.rf.PnB5cL8RvVWsMpBJ00oM,r1,0.57653,0.688738,0.027996,0.017628,0.334,2/1,s,
carta_073_verso_png.rf.PnB5cL8RvVWsMpBJ00oM,r2,0.522742,0.70738,0.025918,0.017917,0.324,3/1,s,
carta_073_verso_png.rf.PnB5cL8RvVWsMpBJ00oM,r3,0.567025,0.723811,0.028576,0.019133,0.31,2/1,s,
carta_073_verso_png.rf.PnB5cL8RvVWsMpBJ00oM,r4,0.505588,0.685029,0.028875,0.015378,0.148,2/1,s,
carta_073_verso_png.rf.PnB5cL8RvVWsMpBJ00oM,r5,0.961848,0.564036,0.009881,0.01431,0.131,1/1,s,
carta_073_verso_png.rf.PnB5cL8RvVWsMpBJ00oM,r6,0.534175,0.682364,0.029648,0.023444,0.125,1/1,s,
carta_074_frente_png.rf.eU0462q0UivsPEWzKNwM,r1,0.976255,0.964785,0.015912,0.012383,0.338,1/1,n,motivo:fora
carta_074_frente_png.rf.eU0462q0UivsPEWzKNwM,r2,0.07503,0.95165,0.095697,0.068955,0.284,2/1,s,
carta_074_frente_png.rf.eU0462q0UivsPEWzKNwM,r3,0.80073,0.026768,0.036389,0.012448,0.168,1/1,s,
carta_074_verso_png.rf.2LPEH8fr4MNMrDSZCMTJ,r1,0.155737,0.653173,0.018096,0.011621,0.511,2/1,s,
carta_074_verso_png.rf.2LPEH8fr4MNMrDSZCMTJ,r2,0.297288,0.448705,0.026563,0.018775,0.277,1/1,s,
carta_074_verso_png.rf.2LPEH8fr4MNMrDSZCMTJ,r3,0.246099,0.420252,0.028401,0.022488,0.266,2/1,s,
carta_074_verso_png.rf.2LPEH8fr4MNMrDSZCMTJ,r4,0.194135,0.103747,0.02068,0.012506,0.258,1/1,s,
carta_074_verso_png.rf.2LPEH8fr4MNMrDSZCMTJ,r5,0.259335,0.907947,0.017263,0.01201,0.244,1/1,s,
carta_074_verso_png.rf.2LPEH8fr4MNMrDSZCMTJ,r6,0.26812,0.512183,0.107001,0.082742,0.237,2/1,s,
carta_074_verso_png.rf.2LPEH8fr4MNMrDSZCMTJ,r7,0.105729,0.959782,0.056797,0.042069,0.23,2/1,s,
carta_074_verso_png.rf.2LPEH8fr4MNMrDSZCMTJ,r8,0.770885,0.089769,0.034736,0.019502,0.213,2/1,s,
carta_074_verso_png.rf.2LPEH8fr4MNMrDSZCMTJ,r9,0.447971,0.528453,0.02246,0.014344,0.185,1/1,s,
carta_074_verso_png.rf.2LPEH8fr4MNMrDSZCMTJ,r10,0.078966,0.911005,0.014397,0.010023,0.175,1/1,s,
carta_074_verso_png.rf.2LPEH8fr4MNMrDSZCMTJ,r11,0.760427,0.457569,0.028287,0.022961,0.174,2/1,s,
carta_074_verso_png.rf.2LPEH8fr4MNMrDSZCMTJ,r12,0.270159,0.559333,0.020567,0.012123,0.157,1/1,s,
carta_074_verso_png.rf.2LPEH8fr4MNMrDSZCMTJ,r13,0.062946,0.040165,0.070745,0.055425,0.146,1/1,s,
carta_074_verso_png.rf.2LPEH8fr4MNMrDSZCMTJ,r14,0.294224,0.432451,0.063951,0.065457,0.136,2/1,s,
carta_074_verso_png.rf.2LPEH8fr4MNMrDSZCMTJ,r15,0.934052,0.954676,0.091284,0.063151,0.134,1/1,s,
carta_074_verso_png.rf.2LPEH8fr4MNMrDSZCMTJ,r16,0.94152,0.039236,0.063326,0.049851,0.127,1/1,s,
carta_074_verso_png.rf.2LPEH8fr4MNMrDSZCMTJ,r17,0.308294,0.57645,0.015281,0.010795,0.11,1/1,s,
carta_074_verso_png.rf.2LPEH8fr4MNMrDSZCMTJ,r18,0.794088,0.403977,0.015324,0.009699,0.105,1/1,s,
carta_074_verso_png.rf.2LPEH8fr4MNMrDSZCMTJ,r19,0.754916,0.421252,0.016146,0.011555,0.102,1/1,s,
carta_075_frente_png.rf.oarglF0vdkYHYiLsiRp1,r1,0.943019,0.955585,0.060752,0.047194,0.501,3/1,s,
carta_075_frente_png.rf.oarglF0vdkYHYiLsiRp1,r2,0.184766,0.039411,0.067975,0.033326,0.477,3/1,s,
carta_075_frente_png.rf.oarglF0vdkYHYiLsiRp1,r3,0.052677,0.044326,0.045529,0.04214,0.434,3/1,s,
carta_075_frente_png.rf.oarglF0vdkYHYiLsiRp1,r4,0.100027,0.03639,0.06688,0.038344,0.396,3/1,s,
carta_075_frente_png.rf.oarglF0vdkYHYiLsiRp1,r5,0.04444,0.282399,0.02077,0.022615,0.357,3/1,s,
carta_075_frente_png.rf.oarglF0vdkYHYiLsiRp1,r6,0.464982,0.035585,0.034319,0.030428,0.355,1/1,n,
carta_075_frente_png.rf.oarglF0vdkYHYiLsiRp1,r7,0.398522,0.026953,0.053671,0.019629,0.212,1/1,s,
carta_075_frente_png.rf.oarglF0vdkYHYiLsiRp1,r8,0.600592,0.983896,0.023822,0.01533,0.204,1/1,n,motivo:fora
carta_075_frente_png.rf.oarglF0vdkYHYiLsiRp1,r9,0.945037,0.969539,0.049944,0.01867,0.177,1/1,n,
carta_075_frente_png.rf.oarglF0vdkYHYiLsiRp1,r10,0.963036,0.475938,0.009832,0.026117,0.167,2/1,s,
carta_075_frente_png.rf.oarglF0vdkYHYiLsiRp1,r11,0.466006,0.040779,0.022738,0.016617,0.167,1/1,s,
carta_075_frente_png.rf.oarglF0vdkYHYiLsiRp1,r12,0.036635,0.344282,0.008476,0.011195,0.127,2/1,s,
carta_075_frente_png.rf.oarglF0vdkYHYiLsiRp1,r13,0.580068,0.050769,0.02046,0.011335,0.119,1/1,s,
carta_075_frente_png.rf.oarglF0vdkYHYiLsiRp1,r14,0.107434,0.03957,0.032346,0.020372,0.116,1/1,s,
carta_075_frente_png.rf.oarglF0vdkYHYiLsiRp1,r15,0.424262,0.02557,0.104708,0.025781,0.102,1/1,n,
carta_075_verso_png.rf.fotz0bSWgjR9LfOixu0z,r1,0.941335,0.036958,0.066063,0.046742,0.659,1/1,s,
carta_075_verso_png.rf.fotz0bSWgjR9LfOixu0z,r2,0.281014,0.575584,0.031774,0.022156,0.469,2/1,s,
carta_075_verso_png.rf.fotz0bSWgjR9LfOixu0z,r3,0.457892,0.319852,0.053584,0.02357,0.325,2/1,n,
carta_075_verso_png.rf.fotz0bSWgjR9LfOixu0z,r4,0.937865,0.951187,0.069022,0.053439,0.285,1/1,s,
carta_075_verso_png.rf.fotz0bSWgjR9LfOixu0z,r5,0.29577,0.531594,0.026849,0.0142,0.273,2/1,s,
carta_075_verso_png.rf.fotz0bSWgjR9LfOixu0z,r6,0.498345,0.320429,0.033089,0.028129,0.269,1/1,n,
carta_075_verso_png.rf.fotz0bSWgjR9LfOixu0z,r7,0.456494,0.321683,0.025546,0.018896,0.264,1/1,n,
carta_075_verso_png.rf.fotz0bSWgjR9LfOixu0z,r8,0.719049,0.672256,0.039352,0.015213,0.209,1/1,s,
carta_075_verso_png.rf.fotz0bSWgjR9LfOixu0z,r9,0.618758,0.564286,0.043292,0.054624,0.197,2/1,n,
carta_075_verso_png.rf.fotz0bSWgjR9LfOixu0z,r10,0.656004,0.693803,0.039674,0.014529,0.184,2/1,s,
carta_075_verso_png.rf.fotz0bSWgjR9LfOixu0z,r11,0.948862,0.036592,0.035148,0.034826,0.165,1/1,n,
carta_075_verso_png.rf.fotz0bSWgjR9LfOixu0z,r12,0.201676,0.037064,0.058024,0.024864,0.143,1/1,n,motivo:aninhada
carta_075_verso_png.rf.fotz0bSWgjR9LfOixu0z,r13,0.502627,0.331235,0.048885,0.047680,0.133,1/1,n,
carta_075_verso_png.rf.fotz0bSWgjR9LfOixu0z,r14,0.480631,0.317899,0.076493,0.03224,0.125,1/1,n,
carta_075_verso_png.rf.fotz0bSWgjR9LfOixu0z,r15,0.81054,0.994619,0.014716,0.010126,0.113,1/1,n,motivo:fora
carta_076_frente_png.rf.FF0DALXiIFM1AKVK3yes,r1,0.765988,0.619811,0.05074,0.027978,0.567,1/1,s,
carta_076_frente_png.rf.FF0DALXiIFM1AKVK3yes,r2,0.945065,0.956306,0.066902,0.04641,0.34,1/1,n,
carta_076_frente_png.rf.FF0DALXiIFM1AKVK3yes,r3,0.958101,0.148348,0.025091,0.035132,0.224,2/1,s,
carta_076_frente_png.rf.FF0DALXiIFM1AKVK3yes,r4,0.961863,0.772905,0.027763,0.081741,0.181,3/1,s,
carta_076_frente_png.rf.FF0DALXiIFM1AKVK3yes,r5,0.960751,0.558566,0.015571,0.020897,0.136,2/1,s,
carta_076_frente_png.rf.FF0DALXiIFM1AKVK3yes,r6,0.848499,0.035305,0.063332,0.032601,0.124,1/1,s,
carta_076_frente_png.rf.FF0DALXiIFM1AKVK3yes,r7,0.963264,0.208345,0.033432,0.121382,0.123,2/1,s,
carta_076_frente_png.rf.FF0DALXiIFM1AKVK3yes,r8,0.912731,0.951804,0.109052,0.058731,0.122,2/1,s,
carta_076_verso_png.rf.17YF6XENir9SZBpZth8y,r1,0.945445,0.036645,0.064023,0.054989,0.303,2/1,n,
carta_076_verso_png.rf.17YF6XENir9SZBpZth8y,r2,0.753109,0.444465,0.017261,0.011672,0.254,1/1,s,
carta_077_frente_png.rf.vS6p76TsZNGQIItgE0nA,r1,0.065088,0.040987,0.073719,0.049769,0.624,2/1,s,
carta_077_frente_png.rf.vS6p76TsZNGQIItgE0nA,r2,0.067207,0.951949,0.077606,0.052938,0.455,2/1,s,
carta_077_frente_png.rf.vS6p76TsZNGQIItgE0nA,r3,0.937008,0.038993,0.075263,0.049501,0.443,1/1,s,
carta_077_frente_png.rf.vS6p76TsZNGQIItgE0nA,r4,0.931219,0.952713,0.086174,0.059362,0.399,1/1,s,
carta_077_frente_png.rf.vS6p76TsZNGQIItgE0nA,r5,0.584075,0.118497,0.019378,0.012985,0.162,1/1,s,
carta_077_frente_png.rf.vS6p76TsZNGQIItgE0nA,r6,0.904818,0.042262,0.085115,0.046179,0.128,1/1,s,
carta_077_verso_png.rf.UxjEokaBMHhXmReXOsdx,r1,0.935891,0.042261,0.084581,0.055603,1.128,3/1,s,
carta_077_verso_png.rf.UxjEokaBMHhXmReXOsdx,r2,0.069618,0.038796,0.082769,0.055649,0.905,2/1,s,
carta_077_verso_png.rf.UxjEokaBMHhXmReXOsdx,r3,0.06959,0.949003,0.08355,0.0571,0.454,1/1,s,
carta_077_verso_png.rf.UxjEokaBMHhXmReXOsdx,r4,0.918889,0.93626,0.105694,0.076112,0.342,1/1,n,
carta_077_verso_png.rf.UxjEokaBMHhXmReXOsdx,r5,0.378165,0.027327,0.048936,0.014657,0.128,1/1,n,
carta_077_verso_png.rf.UxjEokaBMHhXmReXOsdx,r6,0.365436,0.027194,0.020249,0.012302,0.126,1/1,s,
carta_074_verso_png.rf.2LPEH8fr4MNMrDSZCMTJ,m95,0.354476,0.541577,0.055534,0.030621,1.0,manual,s,
carta_074_verso_png.rf.2LPEH8fr4MNMrDSZCMTJ,m96,0.539332,0.538154,0.017593,0.010694,1.0,manual,s,
carta_074_verso_png.rf.2LPEH8fr4MNMrDSZCMTJ,m97,0.569121,0.537714,0.012795,0.011280,1.0,manual,s,
carta_074_verso_png.rf.2LPEH8fr4MNMrDSZCMTJ,m98,0.593311,0.532587,0.009996,0.009815,1.0,manual,s,
carta_074_verso_png.rf.2LPEH8fr4MNMrDSZCMTJ,m99,0.599909,0.525922,0.010796,0.010254,1.0,manual,s,
carta_074_verso_png.rf.2LPEH8fr4MNMrDSZCMTJ,m100,0.615702,0.530024,0.011595,0.009082,1.0,manual,s,
carta_074_verso_png.rf.2LPEH8fr4MNMrDSZCMTJ,m101,0.600009,0.552510,0.015394,0.008057,1.0,manual,s,
carta_074_verso_png.rf.2LPEH8fr4MNMrDSZCMTJ,m102,0.640793,0.540498,0.019392,0.013038,1.0,manual,s,
carta_074_verso_png.rf.2LPEH8fr4MNMrDSZCMTJ,m103,0.622300,0.562178,0.015594,0.007178,1.0,manual,s,
carta_074_verso_png.rf.2LPEH8fr4MNMrDSZCMTJ,m104,0.614203,0.578805,0.013795,0.007325,1.0,manual,s,
carta_074_verso_png.rf.2LPEH8fr4MNMrDSZCMTJ,m105,0.601208,0.591476,0.015394,0.007471,1.0,manual,s,
carta_074_verso_png.rf.2LPEH8fr4MNMrDSZCMTJ,m106,0.596510,0.606638,0.012795,0.007032,1.0,manual,s,
carta_074_verso_png.rf.2LPEH8fr4MNMrDSZCMTJ,m107,0.607406,0.612498,0.011396,0.007325,1.0,manual,s,
carta_074_verso_png.rf.2LPEH8fr4MNMrDSZCMTJ,m108,0.636394,0.605320,0.013395,0.009961,1.0,manual,s,
carta_074_verso_png.rf.2LPEH8fr4MNMrDSZCMTJ,m109,0.663584,0.587448,0.011396,0.010547,1.0,manual,s,
carta_074_verso_png.rf.2LPEH8fr4MNMrDSZCMTJ,m110,0.631396,0.507318,0.016194,0.012305,1.0,manual,s,
carta_074_verso_png.rf.2LPEH8fr4MNMrDSZCMTJ,m111,0.640393,0.497283,0.012195,0.008350,1.0,manual,s,
carta_074_verso_png.rf.2LPEH8fr4MNMrDSZCMTJ,m112,0.606306,0.483074,0.015594,0.008643,1.0,manual,s,
carta_074_verso_png.rf.2LPEH8fr4MNMrDSZCMTJ,m113,0.602807,0.503216,0.016194,0.014649,1.0,manual,s,
carta_074_verso_png.rf.2LPEH8fr4MNMrDSZCMTJ,m114,0.647003,0.471449,0.009996,0.008057,1.0,manual,s,
carta_074_verso_png.rf.2LPEH8fr4MNMrDSZCMTJ,m115,0.615932,0.464430,0.014828,0.007691,1.0,manual,s,
carta_074_verso_png.rf.2LPEH8fr4MNMrDSZCMTJ,m116,0.657665,0.462843,0.011329,0.007935,1.0,manual,s,
carta_074_verso_png.rf.2LPEH8fr4MNMrDSZCMTJ,m117,0.770208,0.575360,0.008797,0.007471,1.0,manual,s,
carta_074_verso_png.rf.2LPEH8fr4MNMrDSZCMTJ,m118,0.774707,0.568402,0.010196,0.006153,1.0,manual,s,
carta_074_verso_png.rf.2LPEH8fr4MNMrDSZCMTJ,m119,0.781804,0.564446,0.008397,0.006446,1.0,manual,s,
carta_074_verso_png.rf.2LPEH8fr4MNMrDSZCMTJ,m120,0.796198,0.556902,0.009596,0.006592,1.0,manual,s,
carta_074_verso_png.rf.2LPEH8fr4MNMrDSZCMTJ,m121,0.760312,0.494864,0.011795,0.006153,1.0,manual,s,
carta_074_verso_png.rf.2LPEH8fr4MNMrDSZCMTJ,m122,0.772607,0.530900,0.011196,0.009082,1.0,manual,s,
carta_074_verso_png.rf.2LPEH8fr4MNMrDSZCMTJ,m123,0.730524,0.579828,0.009396,0.006739,1.0,manual,s,
carta_074_verso_png.rf.2LPEH8fr4MNMrDSZCMTJ,m124,0.726226,0.590448,0.011595,0.008057,1.0,manual,s,
carta_074_verso_png.rf.2LPEH8fr4MNMrDSZCMTJ,m125,0.757413,0.571624,0.007997,0.007325,1.0,manual,s,
carta_074_verso_png.rf.2LPEH8fr4MNMrDSZCMTJ,m126,0.776006,0.602387,0.011196,0.007325,1.0,manual,s,
carta_074_verso_png.rf.2LPEH8fr4MNMrDSZCMTJ,m127,0.820289,0.578583,0.014994,0.009522,1.0,manual,s,
carta_074_verso_png.rf.2LPEH8fr4MNMrDSZCMTJ,m128,0.780197,0.624308,0.016410,0.007805,1.0,manual,s,
carta_074_verso_png.rf.2LPEH8fr4MNMrDSZCMTJ,m129,0.777776,0.477132,0.012955,0.011778,1.0,manual,s,
carta_074_verso_png.rf.2LPEH8fr4MNMrDSZCMTJ,m130,0.776457,0.502973,0.010796,0.008262,1.0,manual,s,
carta_074_verso_png.rf.2LPEH8fr4MNMrDSZCMTJ,m131,0.582636,0.359051,0.010829,0.009400,1.0,manual,s,
carta_074_verso_png.rf.2LPEH8fr4MNMrDSZCMTJ,m132,0.554647,0.371686,0.020825,0.010987,1.0,manual,s,
carta_074_verso_png.rf.2LPEH8fr4MNMrDSZCMTJ,m133,0.543516,0.319683,0.019159,0.010275,1.0,manual,s,
carta_074_verso_png.rf.2LPEH8fr4MNMrDSZCMTJ,m134,0.428880,0.491301,0.038145,0.018809,1.0,manual,s,
carta_074_verso_png.rf.2LPEH8fr4MNMrDSZCMTJ,m135,0.345393,0.462384,0.015114,0.015821,1.0,manual,s,
carta_074_verso_png.rf.2LPEH8fr4MNMrDSZCMTJ,m136,0.345016,0.587941,0.014439,0.014039,1.0,manual,s,
carta_074_verso_png.rf.2LPEH8fr4MNMrDSZCMTJ,m137,0.373477,0.591349,0.013328,0.013530,1.0,manual,s,
carta_074_verso_png.rf.2LPEH8fr4MNMrDSZCMTJ,m138,0.356196,0.613307,0.020492,0.014405,1.0,manual,s,
carta_074_verso_png.rf.2LPEH8fr4MNMrDSZCMTJ,m139,0.254941,0.614149,0.033347,0.022501,1.0,manual,s,
carta_074_verso_png.rf.2LPEH8fr4MNMrDSZCMTJ,m140,0.130852,0.249532,0.117005,0.187215,1.0,manual,s,
carta_074_verso_png.rf.2LPEH8fr4MNMrDSZCMTJ,m141,0.073248,0.942307,0.089401,0.071177,1.0,manual,s,
carta_074_verso_png.rf.2LPEH8fr4MNMrDSZCMTJ,m142,0.041738,0.484176,0.021757,0.831227,1.0,manual,s,
carta_074_verso_png.rf.2LPEH8fr4MNMrDSZCMTJ,m143,0.501446,0.020889,0.819961,0.035265,1.0,manual,s,
carta_074_verso_png.rf.2LPEH8fr4MNMrDSZCMTJ,m144,0.960445,0.491747,0.044563,0.856816,1.0,manual,s,
carta_074_verso_png.rf.2LPEH8fr4MNMrDSZCMTJ,m145,0.503228,0.971093,0.762920,0.026122,1.0,manual,s,
carta_074_verso_png.rf.2LPEH8fr4MNMrDSZCMTJ,m146,0.111106,0.532858,0.029940,0.018774,1.0,manual,s,
carta_074_verso_png.rf.2LPEH8fr4MNMrDSZCMTJ,m147,0.543545,0.498222,0.019826,0.015504,1.0,manual,s,
carta_074_verso_png.rf.2LPEH8fr4MNMrDSZCMTJ,m148,0.544711,0.473074,0.012162,0.010132,1.0,manual,s,
carta_074_verso_png.rf.2LPEH8fr4MNMrDSZCMTJ,m149,0.561538,0.451467,0.013162,0.009644,1.0,manual,s,
carta_074_verso_png.rf.2LPEH8fr4MNMrDSZCMTJ,m150,0.542545,0.420826,0.014161,0.009644,1.0,manual,s,
carta_074_verso_png.rf.2LPEH8fr4MNMrDSZCMTJ,m151,0.484975,0.162299,0.011662,0.006918,1.0,manual,s,
carta_074_verso_png.rf.2LPEH8fr4MNMrDSZCMTJ,m152,0.479977,0.176185,0.018882,0.012716,1.0,manual,s,
carta_074_verso_png.rf.2LPEH8fr4MNMrDSZCMTJ,m153,0.339060,0.157978,0.015549,0.019430,1.0,manual,s,
carta_074_verso_png.rf.2LPEH8fr4MNMrDSZCMTJ,m154,0.773536,0.137784,0.029016,0.021567,1.0,manual,s,
carta_074_verso_png.rf.2LPEH8fr4MNMrDSZCMTJ,m155,0.813659,0.120795,0.044288,0.026857,1.0,manual,s,
carta_074_verso_png.rf.2LPEH8fr4MNMrDSZCMTJ,m156,0.851503,0.934976,0.026390,0.017872,1.0,manual,s,
carta_074_verso_png.rf.2LPEH8fr4MNMrDSZCMTJ,m157,0.858600,0.909560,0.018193,0.014210,1.0,manual,s,
carta_074_verso_png.rf.2LPEH8fr4MNMrDSZCMTJ,m158,0.781630,0.869421,0.024590,0.011573,1.0,manual,s,
carta_074_verso_png.rf.2LPEH8fr4MNMrDSZCMTJ,m159,0.690385,0.671150,0.014682,0.009282,1.0,manual,s,
carta_074_verso_png.rf.2LPEH8fr4MNMrDSZCMTJ,m160,0.498636,0.683721,0.023324,0.015137,1.0,manual,s,
carta_074_verso_png.rf.2LPEH8fr4MNMrDSZCMTJ,m161,0.728332,0.654794,0.014794,0.011573,1.0,manual,s,
carta_076_verso_png.rf.17YF6XENir9SZBpZth8y,m61,0.198221,0.356937,0.013611,0.011180,1.0,manual,s,
carta_076_verso_png.rf.17YF6XENir9SZBpZth8y,m62,0.225154,0.323818,0.021140,0.014977,1.0,manual,s,
carta_076_verso_png.rf.17YF6XENir9SZBpZth8y,m63,0.299000,0.329619,0.013611,0.009282,1.0,manual,s,
carta_076_verso_png.rf.17YF6XENir9SZBpZth8y,m64,0.407743,0.367062,0.024905,0.020462,1.0,manual,s,
carta_076_verso_png.rf.17YF6XENir9SZBpZth8y,m65,0.527056,0.361577,0.013321,0.011180,1.0,manual,s,
carta_076_verso_png.rf.17YF6XENir9SZBpZth8y,m66,0.554134,0.478020,0.026353,0.018352,1.0,manual,s,
carta_076_verso_png.rf.17YF6XENir9SZBpZth8y,m67,0.591491,0.490676,0.022299,0.017087,1.0,manual,s,
carta_076_verso_png.rf.17YF6XENir9SZBpZth8y,m68,0.539943,0.515884,0.022299,0.016032,1.0,manual,s,
carta_076_verso_png.rf.17YF6XENir9SZBpZth8y,m69,0.581645,0.519470,0.036779,0.015188,1.0,manual,s,
carta_076_verso_png.rf.17YF6XENir9SZBpZth8y,m70,0.634207,0.486668,0.021430,0.012446,1.0,manual,s,
carta_076_verso_png.rf.17YF6XENir9SZBpZth8y,m71,0.368503,0.516201,0.021720,0.016665,1.0,manual,s,
carta_076_verso_png.rf.17YF6XENir9SZBpZth8y,m72,0.425553,0.595095,0.032145,0.018774,1.0,manual,s,
carta_076_verso_png.rf.17YF6XENir9SZBpZth8y,m73,0.473337,0.632116,0.029828,0.030798,1.0,manual,s,
carta_076_verso_png.rf.17YF6XENir9SZBpZth8y,m74,0.358078,0.601107,0.022878,0.018985,1.0,manual,s,
carta_076_verso_png.rf.17YF6XENir9SZBpZth8y,m75,0.291905,0.595095,0.014480,0.009914,1.0,manual,s,
carta_076_verso_png.rf.17YF6XENir9SZBpZth8y,m76,0.288141,0.533393,0.019692,0.016876,1.0,manual,s,
carta_076_verso_png.rf.17YF6XENir9SZBpZth8y,m77,0.602575,0.652696,0.018824,0.017930,1.0,manual,s,
carta_076_verso_png.rf.17YF6XENir9SZBpZth8y,m78,0.535848,0.664913,0.025340,0.020216,1.0,manual,s,
carta_076_verso_png.rf.17YF6XENir9SZBpZth8y,m79,0.584717,0.683634,0.030890,0.021446,1.0,manual,s,
carta_076_verso_png.rf.17YF6XENir9SZBpZth8y,m80,0.638896,0.697082,0.019065,0.012129,1.0,manual,s,
carta_076_verso_png.rf.17YF6XENir9SZBpZth8y,m81,0.625019,0.716683,0.018341,0.011250,1.0,manual,s,
carta_076_verso_png.rf.17YF6XENir9SZBpZth8y,m82,0.665562,0.708157,0.013997,0.010372,1.0,manual,s,
carta_076_verso_png.rf.17YF6XENir9SZBpZth8y,m83,0.823061,0.547865,0.037068,0.040924,1.0,manual,s,
carta_076_verso_png.rf.17YF6XENir9SZBpZth8y,m84,0.877794,0.549026,0.017955,0.009914,1.0,manual,s,
carta_076_verso_png.rf.17YF6XENir9SZBpZth8y,m85,0.760074,0.502723,0.025195,0.020251,1.0,manual,s,
carta_076_verso_png.rf.17YF6XENir9SZBpZth8y,m86,0.743567,0.545756,0.019982,0.012657,1.0,manual,s,
carta_076_verso_png.rf.17YF6XENir9SZBpZth8y,m87,0.787968,0.298900,0.026345,0.017139,1.0,manual,s,
carta_076_verso_png.rf.17YF6XENir9SZBpZth8y,m88,0.826480,0.300145,0.023731,0.017872,1.0,manual,s,
carta_076_verso_png.rf.17YF6XENir9SZBpZth8y,m89,0.592010,0.089134,0.050390,0.027212,1.0,manual,s,
carta_076_verso_png.rf.17YF6XENir9SZBpZth8y,m90,0.672518,0.086919,0.055602,0.031220,1.0,manual,s,
carta_076_verso_png.rf.17YF6XENir9SZBpZth8y,m91,0.217682,0.864994,0.014238,0.013360,1.0,manual,s,
carta_076_verso_png.rf.17YF6XENir9SZBpZth8y,m92,0.245435,0.870707,0.015204,0.008965,1.0,manual,s,
carta_076_verso_png.rf.17YF6XENir9SZBpZth8y,m93,0.166641,0.792305,0.015928,0.012481,1.0,manual,s,
carta_076_verso_png.rf.17YF6XENir9SZBpZth8y,m94,0.030847,0.492475,0.029885,0.703855,1.0,manual,s,
carta_075_verso_png.rf.fotz0bSWgjR9LfOixu0z,m54,0.228076,0.428620,0.021681,0.020040,1.0,manual,s,
carta_075_verso_png.rf.fotz0bSWgjR9LfOixu0z,m55,0.251443,0.420007,0.016863,0.022149,1.0,manual,s,
carta_075_verso_png.rf.fotz0bSWgjR9LfOixu0z,m56,0.270955,0.392672,0.029389,0.017051,1.0,manual,s,
carta_075_verso_png.rf.fotz0bSWgjR9LfOixu0z,m57,0.292636,0.370259,0.026498,0.020391,1.0,manual,s,
carta_075_verso_png.rf.fotz0bSWgjR9LfOixu0z,m58,0.360930,0.348725,0.030112,0.017755,1.0,manual,s,
carta_075_verso_png.rf.fotz0bSWgjR9LfOixu0z,m59,0.392969,0.341693,0.031075,0.015294,1.0,manual,s,
carta_075_verso_png.rf.fotz0bSWgjR9LfOixu0z,m60,0.446201,0.667062,0.016662,0.011133,1.0,manual,s,
carta_075_verso_png.rf.fotz0bSWgjR9LfOixu0z,m61,0.401936,0.665817,0.023688,0.022120,1.0,manual,s,
carta_075_verso_png.rf.fotz0bSWgjR9LfOixu0z,m62,0.093537,0.558010,0.035730,0.023035,1.0,manual,s,
carta_075_verso_png.rf.fotz0bSWgjR9LfOixu0z,m63,0.107239,0.585095,0.040933,0.021010,1.0,manual,s,
carta_075_verso_png.rf.fotz0bSWgjR9LfOixu0z,m64,0.106647,0.615507,0.044749,0.026326,1.0,manual,s,
carta_075_verso_png.rf.fotz0bSWgjR9LfOixu0z,m65,0.125379,0.660565,0.064174,0.037970,1.0,manual,s,
carta_075_verso_png.rf.fotz0bSWgjR9LfOixu0z,m66,0.254942,0.612090,0.035383,0.026073,1.0,manual,s,
carta_075_verso_png.rf.fotz0bSWgjR9LfOixu0z,m67,0.935999,0.331859,0.033822,0.029954,1.0,manual,s,
carta_075_verso_png.rf.fotz0bSWgjR9LfOixu0z,m68,0.886278,0.330593,0.034978,0.034173,1.0,manual,s,
carta_075_verso_png.rf.fotz0bSWgjR9LfOixu0z,m69,0.964400,0.491752,0.013153,0.856182,1.0,manual,s,
carta_075_verso_png.rf.fotz0bSWgjR9LfOixu0z,m70,0.873150,0.225844,0.026487,0.025738,1.0,manual,s,
carta_075_verso_png.rf.fotz0bSWgjR9LfOixu0z,m71,0.897316,0.188713,0.042398,0.030411,1.0,manual,s,
carta_075_verso_png.rf.fotz0bSWgjR9LfOixu0z,m72,0.112711,0.102616,0.033525,0.022706,1.0,manual,s,
carta_075_verso_png.rf.fotz0bSWgjR9LfOixu0z,m73,0.168819,0.100638,0.039346,0.031056,1.0,manual,s,
carta_075_verso_png.rf.fotz0bSWgjR9LfOixu0z,m74,0.471544,0.104301,0.055406,0.031642,1.0,manual,s,
carta_075_verso_png.rf.fotz0bSWgjR9LfOixu0z,m75,0.104279,0.191023,0.050387,0.036916,1.0,manual,s,
carta_075_verso_png.rf.fotz0bSWgjR9LfOixu0z,m76,0.157318,0.256475,0.084916,0.074124,1.0,manual,s,
carta_075_verso_png.rf.fotz0bSWgjR9LfOixu0z,m77,0.496749,0.968087,0.810422,0.022746,1.0,manual,s,
carta_075_verso_png.rf.fotz0bSWgjR9LfOixu0z,m78,0.037922,0.490946,0.016120,0.851926,1.0,manual,s,
carta_075_frente_png.rf.oarglF0vdkYHYiLsiRp1,m93,0.522862,0.161346,0.087298,0.013887,1.0,manual,s,
carta_075_frente_png.rf.oarglF0vdkYHYiLsiRp1,m94,0.797591,0.273685,0.060428,0.025331,1.0,manual,s,
carta_075_frente_png.rf.oarglF0vdkYHYiLsiRp1,m95,0.776239,0.207153,0.074105,0.034690,1.0,manual,s,
carta_075_frente_png.rf.oarglF0vdkYHYiLsiRp1,m96,0.840691,0.402743,0.047990,0.027423,1.0,manual,s,
carta_075_frente_png.rf.oarglF0vdkYHYiLsiRp1,m97,0.146736,0.650165,0.030627,0.017227,1.0,manual,s,
carta_075_frente_png.rf.oarglF0vdkYHYiLsiRp1,m98,0.166873,0.668008,0.027009,0.012833,1.0,manual,s,
carta_075_frente_png.rf.oarglF0vdkYHYiLsiRp1,m99,0.176881,0.690509,0.032074,0.025841,1.0,manual,s,
carta_075_frente_png.rf.oarglF0vdkYHYiLsiRp1,m100,0.226800,0.710900,0.026768,0.012481,1.0,manual,s,
carta_075_frente_png.rf.oarglF0vdkYHYiLsiRp1,m101,0.233070,0.726633,0.028697,0.016524,1.0,manual,s,
carta_075_frente_png.rf.oarglF0vdkYHYiLsiRp1,m102,0.706699,0.749574,0.037861,0.020919,1.0,manual,s,
carta_075_frente_png.rf.oarglF0vdkYHYiLsiRp1,m103,0.898115,0.448517,0.015627,0.016201,1.0,manual,s,
carta_075_frente_png.rf.oarglF0vdkYHYiLsiRp1,m104,0.285991,0.823990,0.027009,0.008965,1.0,manual,s,
carta_075_frente_png.rf.oarglF0vdkYHYiLsiRp1,m105,0.312880,0.805356,0.021945,0.013887,1.0,manual,s,
carta_077_verso_png.rf.UxjEokaBMHhXmReXOsdx,m79,0.295470,0.652949,0.030085,0.022571,1.0,manual,s,
carta_077_verso_png.rf.UxjEokaBMHhXmReXOsdx,m80,0.366922,0.679106,0.071162,0.038603,1.0,manual,s,
carta_077_verso_png.rf.UxjEokaBMHhXmReXOsdx,m81,0.313984,0.684907,0.026035,0.022782,1.0,manual,s,
carta_077_verso_png.rf.UxjEokaBMHhXmReXOsdx,m82,0.439964,0.697669,0.059880,0.017930,1.0,manual,s,
carta_077_verso_png.rf.UxjEokaBMHhXmReXOsdx,m83,0.634281,0.490788,0.028349,0.014133,1.0,manual,s,
carta_077_verso_png.rf.UxjEokaBMHhXmReXOsdx,m84,0.650915,0.512410,0.032110,0.019829,1.0,manual,s,
carta_077_verso_png.rf.UxjEokaBMHhXmReXOsdx,m85,0.564855,0.487730,0.027192,0.018563,1.0,manual,s,
carta_077_verso_png.rf.UxjEokaBMHhXmReXOsdx,m86,0.526960,0.439106,0.043970,0.027212,1.0,manual,s,
carta_077_verso_png.rf.UxjEokaBMHhXmReXOsdx,m87,0.375875,0.341162,0.034151,0.028077,1.0,manual,s,
carta_077_verso_png.rf.UxjEokaBMHhXmReXOsdx,m88,0.425595,0.312963,0.036494,0.042970,1.0,manual,s,
carta_047_frente_png.rf.LroUKJIx9AsoaBJoMmOu,m41,0.053689,0.471409,0.073493,0.915906,1.0,manual,s,"faixa de borda esq, uniao de 5 ladrilhos removidos; ajustar largura"
carta_047_frente_png.rf.LroUKJIx9AsoaBJoMmOu,m42,0.964659,0.736147,0.019716,0.291106,1.0,manual,s,"faixa de borda dir, uniao de 4 ladrilhos removidos; ajustar largura"
carta_047_frente_png.rf.LroUKJIx9AsoaBJoMmOu,m43,0.476195,0.037443,0.918506,0.053409,1.0,manual,s,"faixa de borda topo, uniao de 5 ladrilhos removidos; ajustar largura"
carta_047_frente_png.rf.LroUKJIx9AsoaBJoMmOu,m44,0.409491,0.965993,0.608998,0.029357,1.0,manual,s,"faixa de borda base, uniao de 6 ladrilhos removidos; ajustar largura"
carta_047_verso_png.rf.uXRECh5TElGdvj7xLLuC,m54,0.049890,0.533714,0.063855,0.918484,1.0,manual,s,"faixa de borda esq, uniao de 2 ladrilhos removidos; ajustar largura"
carta_047_verso_png.rf.uXRECh5TElGdvj7xLLuC,m55,0.948080,0.533041,0.052906,0.906958,1.0,manual,s,"faixa de borda dir, uniao de 7 ladrilhos removidos; ajustar largura"
carta_047_verso_png.rf.uXRECh5TElGdvj7xLLuC,m57,0.503751,0.978239,0.959353,0.029434,1.0,manual,s,"faixa de borda base, uniao de 5 ladrilhos removidos; ajustar largura"
carta_073_frente_png.rf.VknyamTWtXcL9PXRrg7S,m52,0.049588,0.872600,0.040245,0.214210,1.0,manual,s,"faixa de borda esq, uniao de 3 ladrilhos removidos; ajustar largura"
carta_073_frente_png.rf.VknyamTWtXcL9PXRrg7S,m53,0.942999,0.843447,0.056088,0.169812,1.0,manual,s,"faixa de borda dir, uniao de 1 ladrilhos removidos; ajustar largura"
carta_073_frente_png.rf.VknyamTWtXcL9PXRrg7S,m54,0.402083,0.038929,0.330561,0.039944,1.0,manual,s,"faixa de borda topo, uniao de 2 ladrilhos removidos; ajustar largura"
carta_073_frente_png.rf.VknyamTWtXcL9PXRrg7S,m55,0.410050,0.961253,0.761169,0.036904,1.0,manual,s,"faixa de borda base, uniao de 5 ladrilhos removidos; ajustar largura"
carta_073_verso_png.rf.PnB5cL8RvVWsMpBJ00oM,m73,0.965288,0.497126,0.008497,0.872052,1.0,manual,s,"faixa de borda dir, uniao de 1 ladrilhos removidos; ajustar largura"
carta_073_verso_png.rf.PnB5cL8RvVWsMpBJ00oM,m74,0.472250,0.019774,0.738074,0.013980,1.0,manual,s,"faixa de borda topo, uniao de 4 ladrilhos removidos; ajustar largura"
carta_074_frente_png.rf.eU0462q0UivsPEWzKNwM,m100,0.055807,0.499101,0.058203,0.964694,1.0,manual,s,"faixa de borda esq, uniao de 5 ladrilhos removidos; ajustar largura"
carta_074_frente_png.rf.eU0462q0UivsPEWzKNwM,m101,0.938003,0.497030,0.070125,0.960301,1.0,manual,s,"faixa de borda dir, uniao de 3 ladrilhos removidos; ajustar largura"
carta_074_frente_png.rf.eU0462q0UivsPEWzKNwM,m102,0.498138,0.044443,0.942434,0.055377,1.0,manual,s,"faixa de borda topo, uniao de 3 ladrilhos removidos; ajustar largura"
carta_074_frente_png.rf.eU0462q0UivsPEWzKNwM,m103,0.501506,0.971023,0.943119,0.026544,1.0,manual,s,"faixa de borda base, uniao de 9 ladrilhos removidos; ajustar largura"
carta_075_frente_png.rf.oarglF0vdkYHYiLsiRp1,m106,0.034448,0.461008,0.028653,0.904322,1.0,manual,s,"faixa de borda esq, uniao de 5 ladrilhos removidos; ajustar largura"
carta_075_frente_png.rf.oarglF0vdkYHYiLsiRp1,m107,0.956826,0.524286,0.037157,0.916825,1.0,manual,s,"faixa de borda dir, uniao de 5 ladrilhos removidos; ajustar largura"
carta_075_frente_png.rf.oarglF0vdkYHYiLsiRp1,m108,0.311014,0.032052,0.572254,0.046409,1.0,manual,s,"faixa de borda topo, uniao de 3 ladrilhos removidos; ajustar largura"
carta_075_frente_png.rf.oarglF0vdkYHYiLsiRp1,m109,0.539913,0.971712,0.870982,0.021974,1.0,manual,s,"faixa de borda base, uniao de 7 ladrilhos removidos; ajustar largura"
carta_075_verso_png.rf.fotz0bSWgjR9LfOixu0z,m81,0.503086,0.034481,0.795618,0.046061,1.0,manual,s,"faixa de borda topo, uniao de 2 ladrilhos removidos; ajustar largura"
carta_076_frente_png.rf.FF0DALXiIFM1AKVK3yes,m72,0.031886,0.499709,0.017290,0.850303,1.0,manual,s,"faixa de borda esq, uniao de 1 ladrilhos removidos; ajustar largura"
carta_076_frente_png.rf.FF0DALXiIFM1AKVK3yes,m73,0.953292,0.535848,0.042143,0.891785,1.0,manual,s,"faixa de borda dir, uniao de 2 ladrilhos removidos; ajustar largura"
carta_076_frente_png.rf.FF0DALXiIFM1AKVK3yes,m74,0.479423,0.021648,0.806843,0.009448,1.0,manual,s,"faixa de borda topo, uniao de 8 ladrilhos removidos; ajustar largura"
carta_076_frente_png.rf.FF0DALXiIFM1AKVK3yes,m75,0.679118,0.974602,0.587267,0.014277,1.0,manual,s,"faixa de borda base, uniao de 3 ladrilhos removidos; ajustar largura"
carta_076_verso_png.rf.17YF6XENir9SZBpZth8y,m96,0.938181,0.035618,0.060049,0.049502,1.0,manual,s,"faixa de borda dir, uniao de 1 ladrilhos removidos; ajustar largura"
carta_076_verso_png.rf.17YF6XENir9SZBpZth8y,m97,0.524103,0.025619,0.888205,0.029505,1.0,manual,s,"faixa de borda topo, uniao de 2 ladrilhos removidos; ajustar largura"
carta_077_frente_png.rf.vS6p76TsZNGQIItgE0nA,m103,0.032215,0.495283,0.014929,0.963905,1.0,manual,s,"faixa de borda esq, uniao de 7 ladrilhos removidos; ajustar largura"
carta_077_frente_png.rf.vS6p76TsZNGQIItgE0nA,m104,0.955499,0.496593,0.034372,0.959743,1.0,manual,s,"faixa de borda dir, uniao de 8 ladrilhos removidos; ajustar largura"
carta_077_frente_png.rf.vS6p76TsZNGQIItgE0nA,m105,0.498717,0.023537,0.947935,0.020413,1.0,manual,s,"faixa de borda topo, uniao de 5 ladrilhos removidos; ajustar largura"
carta_077_frente_png.rf.vS6p76TsZNGQIItgE0nA,m106,0.500150,0.963709,0.940573,0.028691,1.0,manual,s,"faixa de borda base, uniao de 4 ladrilhos removidos; ajustar largura"
carta_077_verso_png.rf.UxjEokaBMHhXmReXOsdx,m89,0.043475,0.496913,0.036278,0.955251,1.0,manual,s,"faixa de borda esq, uniao de 7 ladrilhos removidos; ajustar largura"
carta_077_verso_png.rf.UxjEokaBMHhXmReXOsdx,m90,0.948801,0.462134,0.047301,0.881608,1.0,manual,s,"faixa de borda dir, uniao de 3 ladrilhos removidos; ajustar largura"
carta_077_verso_png.rf.UxjEokaBMHhXmReXOsdx,m91,0.498765,0.036280,0.941564,0.038221,1.0,manual,s,"faixa de borda topo, uniao de 3 ladrilhos removidos; ajustar largura"
carta_077_verso_png.rf.UxjEokaBMHhXmReXOsdx,m92,0.445558,0.966021,0.834979,0.026663,1.0,manual,s,"faixa de borda base, uniao de 3 ladrilhos removidos; ajustar largura"
carta_076_frente_png.rf.FF0DALXiIFM1AKVK3yes,m76,0.401538,0.947823,0.034082,0.017973,1.0,manual,s,
carta_076_frente_png.rf.FF0DALXiIFM1AKVK3yes,m77,0.486743,0.943899,0.015998,0.009113,1.0,manual,s,
carta_076_frente_png.rf.FF0DALXiIFM1AKVK3yes,m78,0.552647,0.941242,0.017737,0.010379,1.0,manual,s,
carta_076_frente_png.rf.FF0DALXiIFM1AKVK3yes,m79,0.611943,0.940229,0.017389,0.010885,1.0,manual,s,
carta_076_frente_png.rf.FF0DALXiIFM1AKVK3yes,m80,0.656806,0.942634,0.027127,0.017719,1.0,manual,s,
carta_076_frente_png.rf.FF0DALXiIFM1AKVK3yes,m81,0.688280,0.960733,0.018432,0.009366,1.0,manual,s,
carta_076_frente_png.rf.FF0DALXiIFM1AKVK3yes,m82,0.666022,0.965669,0.026083,0.012657,1.0,manual,s,
carta_076_frente_png.rf.FF0DALXiIFM1AKVK3yes,m83,0.717667,0.970352,0.012520,0.009872,1.0,manual,s,
carta_076_frente_png.rf.FF0DALXiIFM1AKVK3yes,m84,0.543779,0.956936,0.016693,0.009872,1.0,manual,s,
carta_076_frente_png.rf.FF0DALXiIFM1AKVK3yes,m85,0.443793,0.961239,0.030257,0.013416,1.0,manual,s,
carta_076_frente_png.rf.FF0DALXiIFM1AKVK3yes,m86,0.416666,0.965543,0.021910,0.010379,1.0,manual,s,
carta_076_frente_png.rf.FF0DALXiIFM1AKVK3yes,m87,0.817827,0.951240,0.052167,0.025314,1.0,manual,s,
carta_076_frente_png.rf.FF0DALXiIFM1AKVK3yes,m88,0.110781,0.184054,0.039647,0.018479,1.0,manual,s,
carta_076_frente_png.rf.FF0DALXiIFM1AKVK3yes,m89,0.110781,0.221012,0.023649,0.022023,1.0,manual,s,
carta_073_frente_png.rf.VknyamTWtXcL9PXRrg7S,m56,0.961768,0.173520,0.017066,0.019190,1.0,manual,s,
carta_073_frente_png.rf.VknyamTWtXcL9PXRrg7S,m57,0.935466,0.143196,0.021483,0.030616,1.0,manual,s,
carta_073_frente_png.rf.VknyamTWtXcL9PXRrg7S,m58,0.960964,0.141585,0.015861,0.030031,1.0,manual,s,
carta_073_frente_png.rf.VknyamTWtXcL9PXRrg7S,m59,0.869814,0.029300,0.084124,0.019044,1.0,manual,s,
carta_073_frente_png.rf.VknyamTWtXcL9PXRrg7S,m60,0.783883,0.043729,0.021081,0.016553,1.0,manual,s,
carta_073_frente_png.rf.VknyamTWtXcL9PXRrg7S,m61,0.847126,0.053398,0.022286,0.018604,1.0,manual,s,
carta_073_frente_png.rf.VknyamTWtXcL9PXRrg7S,m62,0.760995,0.066435,0.031923,0.014503,1.0,manual,s,
carta_073_frente_png.rf.VknyamTWtXcL9PXRrg7S,m63,0.541610,0.075526,0.035657,0.024083,1.0,manual,s,
carta_047_verso_png.rf.uXRECh5TElGdvj7xLLuC,m58,0.766747,0.642741,0.064332,0.038814,1.0,manual,s,
carta_047_verso_png.rf.uXRECh5TElGdvj7xLLuC,m59,0.742515,0.686724,0.044138,0.030165,1.0,manual,s,
carta_047_verso_png.rf.uXRECh5TElGdvj7xLLuC,m60,0.808421,0.570944,0.089729,0.030984,1.0,manual,s,
carta_047_verso_png.rf.uXRECh5TElGdvj7xLLuC,m61,0.549792,0.616405,0.018431,0.012159,1.0,manual,s,
carta_047_verso_png.rf.uXRECh5TElGdvj7xLLuC,m62,0.545084,0.637793,0.021035,0.011866,1.0,manual,s,
carta_047_verso_png.rf.uXRECh5TElGdvj7xLLuC,m63,0.583649,0.620873,0.024441,0.022560,1.0,manual,s,
carta_047_verso_png.rf.uXRECh5TElGdvj7xLLuC,m64,0.611195,0.617064,0.022237,0.014649,1.0,manual,s,
carta_047_verso_png.rf.uXRECh5TElGdvj7xLLuC,m65,0.640744,0.611205,0.013623,0.013770,1.0,manual,s,
carta_047_verso_png.rf.uXRECh5TElGdvj7xLLuC,m66,0.645653,0.586741,0.014224,0.010840,1.0,manual,s,
carta_047_verso_png.rf.uXRECh5TElGdvj7xLLuC,m67,0.417044,0.598908,0.052215,0.041134,1.0,manual,s,
carta_047_verso_png.rf.uXRECh5TElGdvj7xLLuC,m68,0.639806,0.531840,0.037897,0.024049,1.0,manual,s,
carta_047_verso_png.rf.uXRECh5TElGdvj7xLLuC,m69,0.615765,0.502786,0.017863,0.012330,1.0,manual,s,
carta_047_verso_png.rf.uXRECh5TElGdvj7xLLuC,m70,0.684797,0.484536,0.038731,0.024659,1.0,manual,s,
carta_047_verso_png.rf.uXRECh5TElGdvj7xLLuC,m71,0.528202,0.451209,0.044741,0.028077,1.0,manual,s,
carta_047_verso_png.rf.uXRECh5TElGdvj7xLLuC,m72,0.572193,0.454810,0.039566,0.028199,1.0,manual,s,
carta_047_verso_png.rf.uXRECh5TElGdvj7xLLuC,m73,0.472109,0.450110,0.043072,0.044435,1.0,manual,s,
carta_047_verso_png.rf.uXRECh5TElGdvj7xLLuC,m74,0.238763,0.412947,0.101209,0.070843,1.0,manual,s,
carta_047_verso_png.rf.uXRECh5TElGdvj7xLLuC,m75,0.135894,0.466824,0.049330,0.033540,1.0,manual,s,
carta_075_verso_png.rf.fotz0bSWgjR9LfOixu0z,m82,0.456072,0.321797,0.016729,0.013479,1.0,manual,s,
carta_075_verso_png.rf.fotz0bSWgjR9LfOixu0z,m83,0.499230,0.320144,0.027301,0.021533,1.0,manual,s,
carta_075_verso_png.rf.fotz0bSWgjR9LfOixu0z,m84,0.613124,0.558672,0.028426,0.022677,1.0,manual,s,
carta_075_verso_png.rf.fotz0bSWgjR9LfOixu0z,m85,0.630468,0.581349,0.037098,0.020919,1.0,manual,s,
carta_075_verso_png.rf.fotz0bSWgjR9LfOixu0z,m86,0.737185,0.580382,0.031798,0.020040,1.0,manual,s,
carta_075_verso_png.rf.fotz0bSWgjR9LfOixu0z,m87,0.742846,0.545840,0.021921,0.013536,1.0,manual,s,
carta_075_verso_png.rf.fotz0bSWgjR9LfOixu0z,m88,0.648415,0.473854,0.025776,0.027071,1.0,manual,s,
carta_075_verso_png.rf.fotz0bSWgjR9LfOixu0z,m89,0.690571,0.494597,0.036857,0.024259,1.0,manual,s,
carta_075_verso_png.rf.fotz0bSWgjR9LfOixu0z,m90,0.692619,0.448189,0.050106,0.052737,1.0,manual,s,
carta_075_verso_png.rf.fotz0bSWgjR9LfOixu0z,m91,0.658639,0.404332,0.057237,0.039236,1.0,manual,s,
carta_075_verso_png.rf.fotz0bSWgjR9LfOixu0z,m92,0.664032,0.196239,0.037811,0.031389,1.0,manual,s,
carta_075_verso_png.rf.fotz0bSWgjR9LfOixu0z,m93,0.618763,0.190163,0.043708,0.037464,1.0,manual,s,
carta_076_frente_png.rf.FF0DALXiIFM1AKVK3yes,m90,0.065708,0.081044,0.033812,0.021974,1.0,manual,s,
carta_047_verso_png.rf.uXRECh5TElGdvj7xLLuC,m76,0.941502,0.044238,0.056014,0.065393,1.0,manual,s,
